8000,20181028 224243 6600000,2666.0,2681.5,2667.0,2678.75,14328
16000,20181028 235128 9290000,2674.75,2682.25,2678.75,2675.25,13136
24000,20181029 003207 8320000,2672.75,2678.0,2675.25,2676.75,11485
32000,20181029 012200 3980000,2671.25,2679.0,2676.75,2675.0,11762
40000,20181029 020000 3780000,2666.25,2675.25,2675.0,2668.75,12569
48000,20181029 022837 7260000,2662.25,2670.5,2668.75,2664.0,14135
56000,20181029 033210 8000000,2663.0,2670.5,2663.75,2670.0,11330
64000,20181029 051008 7960000,2664.5,2671.5,2670.0,2668.0,12002
72000,20181029 061303 0820000,2660.5,2671.0,2668.0,2661.25,11676
80000,20181029 072337 1010000,2660.0,2667.25,2661.25,2664.0,14194
88000,20181029 080722 8710000,2661.75,2669.25,2664.0,2668.75,12803
96000,20181029 083322 2920000,2662.25,2670.0,2668.75,2663.5,14018
104000,20181029 091314 2420000,2662.25,2667.0,2663.5,2666.25,13144
112000,20181029 093750 2570000,2665.25,2674.5,2666.25,2673.75,14061
120000,20181029 095203 6600000,2673.5,2681.0,2673.75,2680.25,15035
128000,20181029 101216 2220000,2678.25,2683.5,2680.0,2680.75,14437
136000,20181029 103409 1320000,2679.25,2686.25,2680.75,2686.0,16855
144000,20181029 105452 6320000,2685.5,2689.75,2686.0,2689.75,16243
152000,20181029 111510 8820000,2688.75,2693.5,2690.0,2692.25,14960
160000,20181029 112946 0190000,2692.25,2700.75,2692.25,2700.0,17953
168000,20181029 115515 8390000,2691.75,2700.25,2700.0,2693.75,15412
176000,20181029 122239 0350000,2690.75,2697.75,2693.75,2695.25,15453
184000,20181029 124649 4100000,2693.5,2697.25,2695.25,2696.5,17138
192000,20181029 131236 0420000,2695.0,2698.25,2696.5,2695.75,16244
200000,20181029 133007 4330000,2692.0,2696.0,2695.75,2692.75,17554
208000,20181029 133139 4800000,2692.25,2695.5,2692.75,2693.0,20011
216000,20181029 133336 1870000,2691.25,2695.5,2693.0,2695.25,18479
224000,20181029 133510 2260000,2691.75,2696.5,2695.25,2693.75,18469
232000,20181029 133724 0970000,2692.25,2697.0,2693.5,2694.25,15534
240000,20181029 133949 6670000,2691.25,2696.0,2694.25,2691.25,16274
248000,20181029 134223 7460000,2689.75,2693.75,2691.25,2691.0,14918
256000,20181029 134442 8980000,2688.5,2693.0,2691.0,2691.75,16863
264000,20181029 134727 6790000,2689.5,2693.75,2691.75,2693.0,15892
272000,20181029 134946 6050000,2690.75,2696.5,2693.0,2690.75,15463
280000,20181029 135204 8000000,2687.0,2693.25,2690.75,2688.25,15640
288000,20181029 135529 5660000,2687.5,2691.5,2688.25,2689.75,16448
296000,20181029 135858 8670000,2689.5,2695.5,2689.75,2694.25,15202
304000,20181029 140126 5500000,2693.5,2701.5,2694.25,2701.25,17678
312000,20181029 140318 5070000,2701.0,2704.25,2701.25,2703.25,17669
320000,20181029 140519 3390000,2703.0,2707.0,2703.25,2706.0,17921
328000,20181029 140812 7030000,2703.25,2706.5,2705.75,2703.75,18103
336000,20181029 141231 3120000,2702.0,2705.5,2703.75,2702.25,19381
344000,20181029 141723 0270000,2701.0,2704.25,2702.25,2703.5,17784
352000,20181029 142230 6790000,2701.5,2704.0,2703.5,2703.25,18599
360000,20181029 142848 9410000,2702.0,2705.0,2703.25,2703.75,17405
368000,20181029 143319 1280000,2699.5,2704.25,2703.75,2702.0,17473
376000,20181029 143656 7260000,2695.25,2703.25,2702.0,2697.25,15604
384000,20181029 144106 9290000,2693.25,2697.5,2697.25,2694.75,18042
392000,20181029 144652 4600000,2693.0,2696.75,2694.75,2696.5,15876
400000,20181029 145004 2070000,2689.5,2697.25,2696.5,2692.5,16560
408000,20181029 145333 0420000,2692.25,2698.75,2692.5,2698.25,19704
416000,20181029 145737 7570000,2694.25,2698.75,2698.25,2697.75,15982
424000,20181029 150227 4760000,2693.75,2698.75,2697.75,2696.0,14845
432000,20181029 150806 5850000,2693.75,2698.25,2696.0,2696.0,15664
440000,20181029 151215 2420000,2690.5,2696.25,2696.0,2690.75,16615
448000,20181029 151423 8000000,2685.25,2691.0,2690.75,2686.75,18114
456000,20181029 151801 3670000,2684.0,2687.5,2686.75,2685.0,17654
464000,20181029 152141 6440000,2682.5,2686.0,2685.0,2685.5,17242
472000,20181029 152648 7180000,2683.75,2687.75,2685.5,2686.75,16612
480000,20181029 153144 6090000,2686.5,2689.25,2686.75,2687.75,16864
488000,20181029 153718 8750000,2684.5,2690.0,2687.75,2686.5,15677
496000,20181029 154315 1870000,2686.25,2691.75,2686.5,2691.25,15363
504000,20181029 155004 8120000,2691.0,2694.25,2691.5,2692.5,17234
512000,20181029 155554 3550000,2684.75,2692.75,2692.5,2686.25,15423
520000,20181029 155857 9330000,2678.75,2686.25,2686.25,2679.25,17389
528000,20181029 160134 1050000,2677.5,2681.25,2679.0,2678.25,18896
536000,20181029 160615 4840000,2676.25,2679.25,2678.25,2676.5,17043
544000,20181029 160836 7920000,2674.0,2676.75,2676.5,2676.0,19701
552000,20181029 161214 3980000,2671.5,2676.75,2676.0,2673.5,19145
560000,20181029 161606 4800000,2671.5,2674.75,2673.5,2674.75,20348
568000,20181029 161948 6400000,2673.0,2678.25,2674.75,2673.25,18129
576000,20181029 162251 8240000,2667.75,2675.25,2673.25,2669.25,18319
584000,20181029 162525 7730000,2666.25,2670.25,2669.25,2669.5,18500
592000,20181029 162922 8240000,2666.75,2671.75,2669.5,2667.0,16563
600000,20181029 163201 0660000,2666.75,2673.25,2667.0,2670.5,17635
608000,20181029 163601 4760000,2669.5,2675.5,2670.5,2674.75,18325
616000,20181029 164049 4100000,2672.25,2676.5,2674.75,2675.75,16940
624000,20181029 164521 4490000,2675.25,2680.5,2675.75,2677.5,17881
632000,20181029 165007 8900000,2674.0,2679.75,2677.5,2675.0,15907
640000,20181029 165501 2380000,2672.25,2676.75,2675.0,2672.25,15110
648000,20181029 165837 8160000,2667.5,2672.5,2672.25,2670.0,16298
656000,20181029 170229 9570000,2670.0,2678.25,2670.0,2677.75,15715
664000,20181029 170440 6990000,2675.25,2682.5,2677.75,2681.25,17873
672000,20181029 170946 8550000,2678.5,2683.25,2681.25,2682.5,16302
680000,20181029 171435 5000000,2678.5,2683.5,2682.5,2680.0,17836
688000,20181029 171902 4210000,2676.25,2680.5,2680.0,2677.0,18627
696000,20181029 172417 7380000,2675.5,2679.5,2677.25,2677.0,17712
704000,20181029 172903 0540000,2672.75,2677.5,2677.0,2673.0,18539
712000,20181029 173348 5110000,2672.25,2679.5,2673.0,2679.25,16758
720000,20181029 173923 3820000,2676.0,2681.5,2679.25,2678.75,15830
728000,20181029 174425 3750000,2673.5,2679.25,2678.75,2678.0,15969
736000,20181029 174816 0930000,2674.75,2681.75,2678.0,2674.75,16353
744000,20181029 175202 5110000,2674.0,2681.75,2674.75,2681.0,19977
752000,20181029 175518 8780000,2678.0,2683.25,2681.0,2678.75,21228
760000,20181029 180007 8510000,2673.25,2680.5,2678.75,2673.5,15736
768000,20181029 180327 4840000,2668.0,2674.5,2673.5,2668.25,17590
776000,20181029 180800 8350000,2668.0,2673.5,2668.25,2669.25,15930
784000,20181029 181024 3390000,2663.25,2671.0,2669.25,2663.5,17733
792000,20181029 181114 2730000,2660.5,2668.5,2663.5,2667.75,19846
800000,20181029 181325 6790000,2660.5,2668.0,2667.75,2662.75,16275
808000,20181029 181535 9680000,2660.0,2664.75,2662.75,2661.75,17859
816000,20181029 181710 3670000,2656.25,2662.25,2661.75,2657.75,19171
824000,20181029 181954 9600000,2657.0,2662.25,2657.75,2661.0,17243
832000,20181029 182319 4530000,2656.75,2662.5,2661.0,2660.5,14916
840000,20181029 182734 0780000,2657.0,2663.5,2660.5,2659.25,14088
848000,20181029 183104 0030000,2654.5,2661.25,2659.25,2658.5,15995
856000,20181029 183450 9490000,2652.5,2658.5,2658.5,2653.75,16540
864000,20181029 183840 4170000,2652.0,2658.25,2653.75,2656.5,17699
872000,20181029 184243 0420000,2652.75,2661.75,2656.5,2660.5,16048
880000,20181029 184644 9450000,2659.25,2663.0,2660.5,2660.25,18125
888000,20181029 185000 0230000,2653.25,2660.75,2660.25,2654.5,19285
896000,20181029 185249 1010000,2648.0,2655.0,2654.25,2648.5,19885
904000,20181029 185619 6600000,2647.0,2651.75,2648.5,2651.25,17559
912000,20181029 185950 8350000,2647.0,2654.0,2651.25,2648.75,17153
920000,20181029 190201 0540000,2643.5,2651.0,2648.75,2646.0,18364
928000,20181029 190420 5390000,2641.5,2647.5,2646.0,2642.5,18789
936000,20181029 190635 8120000,2637.5,2643.75,2642.5,2637.5,18718
944000,20181029 190855 9170000,2636.25,2641.0,2637.75,2636.75,19887
952000,20181029 191127 0780000,2635.5,2640.5,2636.75,2638.5,17576
960000,20181029 191328 1250000,2631.5,2638.5,2638.5,2632.0,19815
968000,20181029 191512 0150000,2628.25,2633.0,2632.0,2629.0,21278
976000,20181029 191645 3160000,2624.5,2629.25,2629.0,2628.0,20267
984000,20181029 191816 0930000,2627.0,2635.0,2628.0,2633.0,19903
992000,20181029 192033 3590000,2631.0,2635.5,2633.0,2632.5,17990
1000000,20181029 192221 2890000,2625.75,2634.5,2632.5,2631.0,19696
1008000,20181029 192445 4210000,2630.0,2635.25,2631.0,2634.0,18526
1016000,20181029 192701 2260000,2631.5,2636.25,2633.75,2635.25,17874
1024000,20181029 192930 7890000,2628.25,2635.5,2635.25,2629.5,16520
1032000,20181029 193135 6320000,2625.25,2631.5,2629.5,2626.25,17094
1040000,20181029 193259 5780000,2621.25,2627.0,2626.25,2623.25,18784
1048000,20181029 193458 9600000,2621.5,2629.0,2623.25,2626.75,18159
1056000,20181029 193703 6640000,2620.5,2627.0,2626.75,2620.75,18294
1064000,20181029 193917 6130000,2618.75,2622.75,2620.75,2622.25,17117
1072000,20181029 194114 0460000,2615.75,2622.5,2622.25,2615.75,17091
1080000,20181029 194220 9290000,2612.25,2616.25,2615.75,2612.75,18519
1088000,20181029 194325 3590000,2608.5,2613.25,2612.75,2613.0,19733
1096000,20181029 194433 6990000,2603.75,2613.0,2613.0,2604.5,20323
1104000,20181029 194514 5000000,2603.0,2609.75,2604.5,2608.25,18639
1112000,20181029 194612 2030000,2608.0,2617.25,2608.25,2616.75,18418
1120000,20181029 194727 6790000,2615.5,2622.5,2616.75,2622.5,18421
1128000,20181029 194826 3590000,2618.75,2626.25,2622.5,2626.0,19003
1136000,20181029 194932 1130000,2625.25,2632.25,2626.0,2628.0,17302
1144000,20181029 195026 2140000,2626.5,2635.25,2628.0,2634.0,19028
1152000,20181029 195132 3240000,2629.25,2635.25,2634.0,2630.5,19229
1160000,20181029 195308 6170000,2629.0,2636.0,2630.5,2636.0,15487
1168000,20181029 195427 8630000,2630.5,2637.25,2636.0,2631.75,18169
1176000,20181029 195539 6990000,2631.0,2638.0,2631.75,2633.25,18661
1184000,20181029 195652 5390000,2631.5,2642.25,2633.25,2641.25,19018
1192000,20181029 195747 0030000,2638.75,2642.75,2641.25,2640.0,19183
1200000,20181029 195901 1710000,2637.25,2640.5,2640.0,2638.5,19285
1208000,20181029 195951 2850000,2638.25,2642.25,2638.5,2640.75,26729
1216000,20181029 200006 8320000,2639.75,2643.25,2640.75,2643.0,29840
1224000,20181029 200124 6250000,2638.75,2644.5,2643.0,2639.75,20008
1232000,20181029 200422 9410000,2637.25,2641.5,2639.75,2641.0,20492
1240000,20181029 201021 5310000,2637.75,2643.0,2641.0,2643.0,18442
1248000,20181029 204055 1320000,2639.25,2645.75,2643.0,2639.25,22261
1256000,20181029 230312 6360000,2636.25,2641.75,2639.25,2640.5,17284
1264000,20181030 001111 4450000,2638.0,2644.25,2640.5,2639.0,12653
1272000,20181030 004608 4370000,2638.0,2653.25,2639.0,2653.25,12434
1280000,20181030 011604 8510000,2647.75,2655.0,2653.25,2647.75,13486
1288000,20181030 014123 0070000,2646.5,2656.75,2647.75,2653.25,13013
1296000,20181030 022543 1910000,2647.75,2654.75,2653.25,2648.25,11296
1304000,20181030 030030 6010000,2648.0,2658.0,2648.25,2657.25,11586
1312000,20181030 042631 5000000,2654.25,2659.75,2657.25,2659.75,11374
1320000,20181030 052242 4640000,2659.75,2664.25,2659.75,2662.25,11674
1328000,20181030 065305 6990000,2653.5,2663.0,2662.25,2657.75,10968
1336000,20181030 074755 1870000,2656.5,2662.0,2657.75,2661.5,13744
1344000,20181030 081906 4570000,2653.75,2661.75,2661.5,2654.5,13863
1352000,20181030 084845 3940000,2654.25,2662.5,2654.5,2655.5,13507
1360000,20181030 091509 1320000,2648.0,2657.0,2655.5,2649.0,14956
1368000,20181030 093415 3750000,2642.75,2650.5,2649.25,2647.0,14634
1376000,20181030 100812 6910000,2646.5,2653.5,2647.0,2651.5,13223
1384000,20181030 104735 7610000,2649.5,2656.5,2651.5,2649.75,14029
1392000,20181030 113120 0000000,2648.0,2655.75,2649.75,2655.5,13517
1400000,20181030 120448 0580000,2651.0,2660.25,2655.5,2659.25,15604
1408000,20181030 123001 1280000,2655.25,2661.0,2659.25,2656.0,17456
1416000,20181030 124807 8510000,2652.5,2657.75,2656.0,2653.25,16165
1424000,20181030 130019 4490000,2646.5,2653.25,2653.25,2646.75,16217
1432000,20181030 130809 5970000,2640.25,2647.0,2646.75,2642.75,16920
1440000,20181030 131416 7380000,2635.25,2644.0,2642.75,2637.25,16308
1448000,20181030 131904 4410000,2633.25,2639.0,2637.25,2636.0,18637
1456000,20181030 132705 1400000,2635.5,2642.75,2636.0,2641.5,18574
1464000,20181030 133029 0070000,2637.0,2642.5,2641.5,2637.75,19317
1472000,20181030 133134 2920000,2635.75,2642.0,2637.75,2641.5,18684
1480000,20181030 133303 0310000,2639.5,2646.0,2641.5,2645.0,15554
1488000,20181030 133433 7300000,2640.0,2646.0,2645.0,2642.25,16301
1496000,20181030 133603 5110000,2641.0,2647.25,2642.25,2644.75,15375
1504000,20181030 133746 7100000,2637.0,2645.0,2644.75,2641.0,14837
1512000,20181030 133926 3590000,2641.0,2647.0,2641.0,2642.75,15004
1520000,20181030 134055 9250000,2642.75,2650.25,2642.75,2650.25,16483
1528000,20181030 134148 4170000,2649.75,2656.75,2650.25,2655.5,17674
1536000,20181030 134343 7730000,2651.5,2656.0,2655.5,2651.75,16328
1544000,20181030 134526 4140000,2649.25,2655.0,2651.75,2650.0,15856
1552000,20181030 134713 6400000,2648.5,2653.5,2650.0,2651.5,18775
1560000,20181030 134947 5390000,2649.5,2655.25,2651.5,2653.25,15505
1568000,20181030 135133 4100000,2653.0,2660.5,2653.25,2660.0,18457
1576000,20181030 135359 8040000,2657.25,2663.75,2660.0,2663.75,15770
1584000,20181030 135538 1440000,2663.0,2667.75,2664.0,2665.25,15996
1592000,20181030 135755 7180000,2664.0,2670.75,2665.25,2670.5,18483
1600000,20181030 135943 6910000,2670.0,2675.25,2670.5,2672.25,20479
1608000,20181030 140158 2610000,2666.0,2674.25,2672.25,2667.0,16961
1616000,20181030 140431 6170000,2666.0,2668.5,2667.0,2668.25,15785
1624000,20181030 140731 0110000,2665.5,2670.75,2668.25,2668.5,15060
1632000,20181030 141031 2770000,2664.0,2670.25,2668.5,2665.75,14578
1640000,20181030 141320 1990000,2661.0,2665.75,2665.75,2661.25,14995
1648000,20181030 141553 5150000,2661.25,2668.25,2661.25,2667.5,15338
1656000,20181030 141737 4490000,2664.0,2671.0,2667.5,2668.0,18730
1664000,20181030 142045 4410000,2665.0,2672.0,2668.0,2670.75,16585
1672000,20181030 142343 8390000,2666.0,2671.0,2670.75,2667.25,15882
1680000,20181030 142710 5780000,2664.0,2669.75,2667.25,2664.0,16138
1688000,20181030 143016 6600000,2662.0,2665.0,2664.0,2662.5,17274
1696000,20181030 143320 6280000,2661.0,2664.75,2662.5,2664.5,15774
1704000,20181030 143552 7070000,2656.25,2666.75,2664.5,2656.75,14222
1712000,20181030 143804 8160000,2651.5,2658.0,2656.75,2652.0,15723
1720000,20181030 144110 8160000,2651.25,2655.0,2652.0,2652.0,15591
1728000,20181030 144412 5930000,2649.5,2654.5,2652.0,2650.5,16254
1736000,20181030 144632 1280000,2646.5,2650.5,2650.5,2647.75,15697
1744000,20181030 144901 9210000,2647.5,2655.0,2647.75,2653.75,15810
1752000,20181030 145132 0540000,2652.25,2656.75,2653.75,2655.5,16797
1760000,20181030 145417 4720000,2649.25,2656.0,2655.5,2649.25,16575
1768000,20181030 145630 3390000,2646.75,2650.75,2649.25,2650.0,15726
1776000,20181030 145913 3040000,2647.75,2654.5,2650.0,2648.5,15230
1784000,20181030 150146 7380000,2645.5,2652.5,2648.5,2647.25,15194
1792000,20181030 150440 7770000,2647.0,2654.5,2647.25,2651.0,15527
1800000,20181030 150757 8200000,2649.5,2659.0,2651.0,2657.25,15223
1808000,20181030 151227 2500000,2656.0,2659.75,2657.25,2656.0,15601
1816000,20181030 151536 4920000,2647.75,2656.0,2656.0,2649.0,15551
1824000,20181030 151858 6750000,2647.75,2654.0,2649.0,2653.0,15246
1832000,20181030 152151 9600000,2650.5,2658.25,2653.0,2652.25,14982
1840000,20181030 152516 1440000,2651.0,2657.0,2652.25,2654.25,15986
1848000,20181030 152847 0700000,2653.75,2661.25,2654.25,2660.75,15064
1856000,20181030 153124 1520000,2660.25,2665.0,2660.75,2661.75,16395
1864000,20181030 153504 7770000,2661.5,2666.5,2661.75,2664.25,15706
1872000,20181030 153910 7890000,2663.5,2669.25,2664.25,2666.0,16565
1880000,20181030 154302 3120000,2662.75,2667.5,2666.0,2666.5,15055
1888000,20181030 154835 4410000,2664.25,2668.0,2666.5,2667.75,14745
1896000,20181030 155140 5110000,2667.5,2673.75,2667.75,2671.25,17558
1904000,20181030 155512 3710000,2663.25,2671.25,2671.25,2663.25,14772
1912000,20181030 155854 0030000,2661.5,2664.75,2663.25,2663.5,16639
1920000,20181030 160241 8430000,2659.25,2664.5,2663.5,2663.0,15948
1928000,20181030 160637 9330000,2658.5,2668.25,2663.25,2666.0,14875
1936000,20181030 161204 6130000,2662.0,2667.25,2666.0,2664.25,14732
1944000,20181030 161514 2960000,2657.25,2665.5,2664.25,2661.25,16294
1952000,20181030 161821 2730000,2657.25,2663.5,2661.25,2660.25,17631
1960000,20181030 162242 6250000,2658.5,2662.25,2660.25,2660.75,16530
1968000,20181030 162651 1050000,2659.0,2664.75,2660.75,2663.0,16664
1976000,20181030 163312 2690000,2657.25,2664.25,2663.0,2659.0,14453
1984000,20181030 163920 7260000,2655.75,2661.25,2658.75,2661.0,14454
1992000,20181030 164557 6170000,2657.5,2662.25,2661.0,2658.25,14407
2000000,20181030 165210 1400000,2658.25,2664.5,2658.25,2663.75,15124
2008000,20181030 165712 1280000,2654.5,2664.25,2663.75,2654.75,15237
2016000,20181030 170056 3040000,2648.75,2655.25,2654.75,2650.75,17100
2024000,20181030 170516 3390000,2649.25,2653.75,2650.75,2653.0,15005
2032000,20181030 171028 2100000,2650.5,2653.75,2653.0,2650.5,14678
2040000,20181030 171407 6640000,2646.25,2652.25,2650.5,2646.5,16634
2048000,20181030 171747 8160000,2644.25,2651.25,2646.5,2651.25,16730
2056000,20181030 172205 9170000,2650.0,2655.75,2651.25,2652.75,15750
2064000,20181030 172641 2690000,2646.25,2652.75,2652.75,2647.25,14366
2072000,20181030 173030 0150000,2643.75,2650.5,2647.25,2645.5,15693
2080000,20181030 173338 5850000,2640.75,2647.5,2645.5,2642.5,17679
2088000,20181030 173733 5460000,2640.5,2645.75,2642.5,2643.75,18523
2096000,20181030 174145 7920000,2641.75,2648.75,2643.75,2647.75,16151
2104000,20181030 174634 3390000,2646.5,2654.5,2647.75,2651.25,16625
2112000,20181030 175146 2850000,2650.0,2655.75,2651.25,2652.5,16815
2120000,20181030 175842 2850000,2651.0,2655.25,2652.75,2653.25,16224
2128000,20181030 180150 8240000,2652.0,2660.5,2653.25,2657.0,16482
2136000,20181030 180634 5350000,2652.0,2657.75,2657.0,2653.75,15248
2144000,20181030 181008 4100000,2646.0,2654.25,2653.75,2646.25,16335
2152000,20181030 181506 2850000,2646.0,2652.5,2646.25,2650.75,16378
2160000,20181030 181944 4410000,2647.0,2651.5,2650.75,2648.75,17012
2168000,20181030 182341 9720000,2648.25,2655.25,2648.75,2655.0,17542
2176000,20181030 182815 3350000,2651.25,2656.75,2655.0,2654.0,16376
2184000,20181030 183209 4840000,2647.5,2655.25,2654.0,2654.25,15136
2192000,20181030 183635 2420000,2652.25,2657.5,2654.25,2656.25,15898
2200000,20181030 184155 2220000,2652.0,2657.0,2656.25,2653.25,15959
2208000,20181030 184759 9210000,2650.5,2656.0,2653.25,2655.0,13883
2216000,20181030 185140 6440000,2653.25,2663.25,2655.0,2661.25,14654
2224000,20181030 185457 2890000,2661.0,2666.5,2661.25,2662.5,16451
2232000,20181030 185822 4570000,2661.75,2669.0,2662.5,2667.0,16963
2240000,20181030 190034 8510000,2665.0,2671.0,2667.0,2665.75,18790
2248000,20181030 190335 6440000,2659.25,2666.5,2665.75,2661.0,15859
2256000,20181030 190740 0850000,2659.75,2666.0,2661.0,2666.0,17355
2264000,20181030 191058 0970000,2664.0,2671.75,2666.0,2670.75,15944
2272000,20181030 191347 7770000,2670.0,2676.0,2670.75,2673.75,18042
2280000,20181030 191745 4490000,2669.75,2675.0,2673.75,2670.0,14862
2288000,20181030 192102 5890000,2666.25,2672.75,2670.0,2669.25,15214
2296000,20181030 192509 2810000,2667.75,2671.5,2669.25,2670.0,14913
2304000,20181030 192819 2030000,2669.75,2678.25,2670.0,2678.0,17761
2312000,20181030 193046 3040000,2674.75,2679.0,2678.0,2676.5,18130
2320000,20181030 193307 5850000,2672.75,2677.75,2676.5,2675.5,16102
2328000,20181030 193530 6400000,2674.0,2679.75,2675.5,2676.75,17367
2336000,20181030 193912 5700000,2675.0,2679.0,2676.75,2676.25,17458
2344000,20181030 194243 0420000,2672.5,2677.75,2676.25,2677.75,17451
2352000,20181030 194644 7770000,2673.5,2678.0,2677.75,2676.0,18282
2360000,20181030 195022 8080000,2675.5,2682.75,2676.0,2682.75,21445
2368000,20181030 195349 5890000,2681.75,2684.25,2682.75,2684.0,22590
2376000,20181030 195646 8430000,2681.25,2684.75,2684.0,2683.25,21384
2384000,20181030 195902 1710000,2682.5,2686.5,2683.25,2684.25,21107
2392000,20181030 195949 0000000,2681.5,2684.5,2684.25,2684.25,30333
2400000,20181030 200008 2030000,2682.25,2685.5,2684.5,2684.5,44949
2408000,20181030 200456 8590000,2681.5,2685.0,2684.5,2683.5,24612
2416000,20181030 200643 4720000,2681.25,2689.0,2683.5,2683.75,17266
2424000,20181030 201211 4880000,2682.0,2685.0,2683.75,2683.75,18950
2432000,20181030 204309 0420000,2683.5,2690.25,2683.75,2689.25,21834
2440000,20181030 231300 5540000,2685.75,2691.75,2689.5,2686.25,14991
2448000,20181031 002434 0850000,2684.0,2689.5,2686.25,2685.25,17440
2456000,20181031 010612 6280000,2682.0,2689.5,2685.25,2687.75,14847
2464000,20181031 014200 6050000,2687.25,2690.75,2687.75,2688.75,16544
2472000,20181031 024342 3280000,2685.0,2692.5,2688.75,2686.0,14807
2480000,20181101 042812 4330000,2685.0,2721.25,2686.0,2717.25,13403
2488000,20181101 061426 5580000,2711.5,2718.5,2717.25,2711.75,11669
2496000,20181101 072144 2100000,2708.0,2713.75,2711.75,2713.25,12662
2504000,20181101 080233 1750000,2707.25,2714.25,2713.0,2711.0,13508
2512000,20181101 082416 7100000,2709.5,2717.0,2711.0,2716.5,13282
2520000,20181101 085820 5620000,2715.5,2720.5,2716.5,2718.75,14306
2528000,20181101 094221 9060000,2716.75,2721.25,2718.75,2720.25,15211
2536000,20181101 102815 1750000,2719.5,2723.75,2720.25,2722.75,14491
2544000,20181101 110746 8470000,2722.0,2727.25,2722.75,2723.5,15787
2552000,20181101 115522 5310000,2722.25,2726.75,2723.5,2722.75,14680
2560000,20181101 123045 7380000,2718.5,2724.75,2722.75,2720.25,16142
2568000,20181101 125037 4250000,2715.5,2720.5,2720.25,2717.25,18277
2576000,20181101 131128 5540000,2715.0,2718.75,2717.25,2718.75,14582
2584000,20181101 133002 4020000,2718.0,2721.0,2718.75,2720.75,16280
2592000,20181101 133130 0150000,2718.25,2722.0,2720.75,2722.0,18148
2600000,20181101 133332 4530000,2719.25,2723.0,2722.0,2720.5,16892
2608000,20181101 133524 4100000,2720.5,2723.75,2720.5,2723.5,15963
2616000,20181101 133807 0110000,2722.5,2726.0,2723.5,2725.25,14138
2624000,20181101 134106 8430000,2721.0,2726.0,2725.25,2722.0,14280
2632000,20181101 134403 2300000,2720.5,2723.75,2722.0,2721.25,15259
2640000,20181101 134629 2180000,2717.5,2722.25,2721.5,2717.75,16439
2648000,20181101 134759 0700000,2713.75,2718.0,2717.75,2715.25,15898
2656000,20181101 134944 3350000,2713.0,2717.25,2715.25,2714.75,14931
2664000,20181101 135106 3120000,2712.0,2716.75,2714.75,2716.25,16713
2672000,20181101 135319 1670000,2716.0,2720.25,2716.25,2719.0,16679
2680000,20181101 135609 6130000,2718.5,2723.25,2719.0,2721.25,15527
2688000,20181101 140000 0310000,2714.75,2721.5,2721.5,2714.75,15997
2696000,20181101 140146 3000000,2712.0,2716.0,2714.75,2713.0,19824
2704000,20181101 140307 4330000,2711.0,2717.75,2713.0,2715.5,19110
2712000,20181101 140622 2810000,2712.0,2716.0,2715.5,2715.0,16202
2720000,20181101 140837 3120000,2708.5,2715.25,2715.0,2709.0,16645
2728000,20181101 140938 2380000,2707.75,2715.0,2709.0,2714.75,17707
2736000,20181101 141058 1560000,2713.75,2719.0,2714.75,2719.0,16678
2744000,20181101 141222 1440000,2718.25,2724.0,2719.0,2723.75,15747
2752000,20181101 141419 3200000,2722.5,2725.5,2723.75,2722.75,17593
2760000,20181101 141705 5500000,2721.0,2724.75,2722.75,2722.5,17097
2768000,20181101 142034 0740000,2718.25,2722.75,2722.5,2718.5,15750
2776000,20181101 142348 4800000,2715.75,2719.0,2718.5,2717.0,16311
2784000,20181101 142658 7850000,2716.75,2724.0,2717.0,2723.25,18241
2792000,20181101 143128 2260000,2720.0,2723.75,2723.25,2722.75,15792
2800000,20181101 143338 1280000,2722.0,2729.5,2722.75,2729.25,17917
2808000,20181101 143641 2690000,2727.0,2730.0,2729.25,2729.25,20153
2816000,20181101 143933 1280000,2727.75,2731.25,2729.25,2727.75,18585
2824000,20181101 144310 4250000,2725.25,2729.0,2727.75,2727.0,17687
2832000,20181101 144733 4250000,2726.75,2730.0,2727.0,2729.75,16128
2840000,20181101 145204 7530000,2727.25,2732.25,2729.75,2730.0,16893
2848000,20181101 145642 5700000,2726.25,2732.0,2730.0,2727.5,16820
2856000,20181101 150058 1050000,2727.25,2732.25,2727.5,2730.25,16780
2864000,20181101 150413 8430000,2724.5,2730.75,2730.25,2725.25,16362
2872000,20181101 150720 4210000,2725.25,2731.0,2725.25,2727.75,17514
2880000,20181101 151119 0500000,2725.0,2729.75,2727.75,2727.75,16615
2888000,20181101 151436 4680000,2726.75,2731.75,2727.75,2730.5,17882
2896000,20181101 151930 6670000,2727.0,2731.75,2730.5,2731.25,16273
2904000,20181101 152333 9370000,2729.75,2734.0,2731.25,2733.25,16757
2912000,20181101 152842 1250000,2731.5,2734.5,2733.25,2733.25,16350
2920000,20181101 153256 1910000,2730.5,2734.75,2733.25,2731.0,17233
2928000,20181101 153833 3820000,2728.5,2732.0,2731.0,2731.5,18139
2936000,20181101 154424 0930000,2729.75,2733.25,2731.5,2731.0,17585
2944000,20181101 154944 7340000,2728.0,2733.5,2731.0,2730.75,17557
2952000,20181101 155521 5030000,2728.25,2734.0,2730.75,2733.75,18221
2960000,20181101 160137 5620000,2727.0,2734.0,2733.75,2727.75,17060
2968000,20181101 160907 8000000,2726.75,2733.0,2727.75,2733.0,18763
2976000,20181101 161720 2300000,2728.0,2733.25,2733.25,2728.75,16851
2984000,20181101 162218 6990000,2725.75,2729.0,2728.75,2726.75,17486
2992000,20181101 162948 6440000,2725.5,2729.5,2726.75,2728.25,17177
3000000,20181101 163622 2500000,2728.25,2731.75,2728.5,2729.25,19194
3008000,20181101 164523 4530000,2728.0,2731.0,2729.25,2729.5,17731
3016000,20181101 165429 2420000,2727.0,2732.5,2729.5,2731.5,19112
3024000,20181101 170313 0000000,2731.0,2734.75,2731.25,2732.25,17186
3032000,20181101 171240 6090000,2729.0,2734.0,2732.5,2731.75,17837
3040000,20181101 172347 5970000,2730.75,2734.25,2731.75,2734.0,17355
3048000,20181101 173146 3550000,2733.0,2736.5,2734.0,2735.75,19404
3056000,20181101 174155 2610000,2732.5,2735.75,2735.75,2735.5,15232
3064000,20181101 174806 8550000,2730.5,2736.5,2735.5,2732.25,17833
3072000,20181101 175654 3120000,2730.5,2733.25,2732.25,2732.5,16452
3080000,20181101 180417 7100000,2729.75,2734.25,2732.75,2732.25,17892
3088000,20181101 181136 8240000,2728.25,2732.75,2732.25,2730.5,18099
3096000,20181101 182309 2850000,2728.75,2733.75,2730.5,2733.75,16840
3104000,20181101 183336 5660000,2731.0,2735.5,2733.75,2732.0,16105
3112000,20181101 184229 2380000,2729.75,2733.0,2732.0,2731.25,16487
3120000,20181101 185328 9490000,2730.75,2734.5,2731.25,2733.25,16555
3128000,20181101 190144 0540000,2733.0,2736.25,2733.25,2733.75,16354
3136000,20181101 191038 6830000,2731.5,2735.0,2733.75,2734.5,16226
3144000,20181101 191923 5500000,2732.75,2736.0,2734.5,2734.25,17617
3152000,20181101 192816 3630000,2732.5,2735.5,2734.25,2735.0,18411
3160000,20181101 193338 4840000,2733.25,2737.25,2735.0,2733.5,18367
3168000,20181101 194156 2220000,2733.25,2737.0,2733.5,2735.25,18019
3176000,20181101 194448 1950000,2735.25,2741.0,2735.25,2741.0,20551
3184000,20181101 194942 3510000,2737.75,2741.25,2741.0,2739.5,18985
3192000,20181101 195422 5420000,2738.5,2741.25,2739.5,2739.25,21264
3200000,20181101 195742 8550000,2738.0,2741.0,2739.25,2739.5,21869
3208000,20181101 195918 9600000,2736.75,2739.75,2739.5,2739.5,28144
3216000,20181101 195959 0000000,2738.5,2740.75,2739.5,2739.75,40358
3224000,20181101 200057 4840000,2735.5,2740.0,2739.75,2737.5,35787
3232000,20181101 201041 3470000,2736.0,2738.5,2737.5,2738.5,23142
3240000,20181101 203252 7730000,2729.5,2739.0,2738.5,2731.25,24843
3248000,20181101 204912 3240000,2725.75,2733.25,2731.0,2732.0,16897
3256000,20181101 223830 4450000,2722.75,2734.0,2732.0,2727.75,16156
3264000,20181102 000239 2810000,2727.25,2734.0,2727.75,2733.75,12990
3272000,20181102 004226 9290000,2733.75,2740.5,2733.75,2736.75,12320
3280000,20181102 013804 6870000,2732.25,2737.75,2736.75,2732.75,12473
3288000,20181102 031958 9680000,2730.0,2734.75,2732.75,2732.5,11729
3296000,20181102 044812 2650000,2729.75,2746.0,2732.5,2746.0,12766
3304000,20181102 050218 3390000,2742.5,2749.75,2746.0,2748.0,12999
3312000,20181102 052448 5420000,2747.0,2755.5,2748.0,2755.25,13477
3320000,20181102 060446 7030000,2752.0,2756.5,2755.25,2755.0,13476
3328000,20181102 063511 0660000,2754.75,2764.0,2755.0,2760.5,14902
3336000,20181102 071044 9450000,2756.25,2762.75,2760.5,2762.5,15207
3344000,20181102 074951 9210000,2758.25,2764.25,2762.5,2762.25,15388
3352000,20181102 081337 3320000,2758.75,2762.75,2762.25,2759.25,15876
3360000,20181102 083644 6400000,2758.75,2764.25,2759.25,2762.25,15219
3368000,20181102 091230 7730000,2756.75,2762.25,2762.25,2757.0,15754
3376000,20181102 094552 9490000,2754.75,2760.25,2757.0,2755.0,15839
3384000,20181102 102815 8820000,2753.75,2759.25,2755.0,2758.75,15924
3392000,20181102 110946 7960000,2756.5,2760.0,2758.5,2758.75,15083
3400000,20181102 113233 1400000,2757.25,2764.75,2758.75,2763.0,18079
3408000,20181102 120000 0660000,2762.5,2766.25,2763.0,2763.0,16865
3416000,20181102 121308 6050000,2758.25,2764.75,2763.0,2759.5,17034
3424000,20181102 121914 3430000,2753.75,2761.0,2759.5,2754.25,17890
3432000,20181102 123033 2500000,2752.25,2759.75,2754.25,2753.75,16319
3440000,20181102 123648 9600000,2751.0,2759.0,2753.75,2752.75,17251
3448000,20181102 124833 8630000,2751.25,2755.75,2752.75,2755.25,16388
3456000,20181102 130109 2220000,2754.25,2758.5,2755.25,2757.0,18460
3464000,20181102 130932 0970000,2747.75,2757.25,2757.0,2749.5,16690
3472000,20181102 131635 5230000,2744.5,2749.75,2749.5,2747.25,19630
3480000,20181102 132832 2340000,2746.0,2751.75,2747.25,2751.0,17660
3488000,20181102 133055 9250000,2749.0,2752.5,2751.0,2749.25,19125
3496000,20181102 133223 1560000,2746.75,2751.25,2749.25,2748.75,18328
3504000,20181102 133402 7920000,2747.75,2750.75,2748.75,2748.75,17421
3512000,20181102 133539 0820000,2746.5,2752.5,2748.75,2746.5,19004
3520000,20181102 133723 7920000,2746.25,2753.5,2746.5,2751.75,19579
3528000,20181102 133942 1710000,2749.5,2754.0,2751.75,2754.0,17109
3536000,20181102 134250 4020000,2752.5,2754.75,2754.0,2753.75,15838
3544000,20181102 134547 6010000,2753.25,2756.5,2753.75,2754.25,16524
3552000,20181102 134915 8000000,2753.0,2755.75,2754.25,2754.0,16492
3560000,20181102 135237 6910000,2749.5,2755.0,2754.0,2749.5,15292
3568000,20181102 135616 2920000,2747.5,2751.5,2749.5,2747.75,14540
3576000,20181102 135957 6480000,2746.0,2749.5,2747.75,2748.0,16805
3584000,20181102 140210 7070000,2745.0,2749.0,2748.0,2747.5,17674
3592000,20181102 140439 4600000,2743.75,2747.5,2747.5,2744.5,17421
3600000,20181102 140713 2500000,2741.75,2745.0,2744.5,2743.0,18260
3608000,20181102 141051 4250000,2741.5,2745.0,2743.0,2744.25,17286
3616000,20181102 141422 3120000,2742.0,2747.25,2744.25,2745.0,14850
3624000,20181102 141727 0070000,2741.75,2746.75,2745.0,2746.0,16255
3632000,20181102 142057 1950000,2745.0,2747.75,2746.0,2745.0,16490
3640000,20181102 142333 6170000,2740.75,2746.25,2745.0,2741.5,16621
3648000,20181102 142602 0930000,2739.5,2742.75,2741.5,2740.25,16999
3656000,20181102 142856 2730000,2738.0,2743.5,2740.25,2738.75,16915
3664000,20181102 143100 0420000,2733.5,2739.5,2738.75,2734.75,17706
3672000,20181102 143350 8860000,2732.5,2736.25,2734.75,2732.75,16251
3680000,20181102 143641 1480000,2729.5,2734.0,2732.75,2733.0,16635
3688000,20181102 143930 3590000,2727.0,2733.25,2733.0,2727.5,15932
3696000,20181102 144139 0310000,2721.75,2728.25,2727.5,2722.75,17176
3704000,20181102 144341 7380000,2722.0,2729.0,2722.75,2728.0,16825
3712000,20181102 144637 5890000,2725.5,2728.75,2728.0,2727.25,16814
3720000,20181102 144915 4490000,2726.0,2729.75,2727.25,2727.75,15833
3728000,20181102 145241 9640000,2726.5,2731.0,2727.75,2731.0,16374
3736000,20181102 145547 7380000,2728.25,2731.75,2731.0,2729.0,18022
3744000,20181102 145739 2570000,2726.75,2734.25,2729.0,2733.5,16578
3752000,20181102 150105 2140000,2730.75,2734.25,2733.5,2731.25,16667
3760000,20181102 150428 2100000,2727.0,2732.75,2731.25,2727.25,16370
3768000,20181102 150701 5820000,2723.25,2727.5,2727.25,2726.0,15164
3776000,20181102 151022 8470000,2724.25,2730.25,2726.0,2728.75,14573
3784000,20181102 151333 7770000,2726.5,2732.75,2728.75,2726.75,15957
3792000,20181102 151629 4060000,2723.5,2728.5,2726.75,2724.0,16550
3800000,20181102 151926 0850000,2721.5,2724.5,2724.0,2722.5,15152
3808000,20181102 152130 7920000,2718.0,2724.75,2722.5,2718.25,16024
3816000,20181102 152410 2380000,2717.5,2722.5,2718.25,2722.25,16293
3824000,20181102 152651 6170000,2719.0,2724.0,2722.25,2720.0,16534
3832000,20181102 152913 3430000,2717.5,2723.0,2719.75,2718.5,15732
3840000,20181102 153250 7570000,2718.5,2726.25,2718.5,2724.75,15464
3848000,20181102 153634 6520000,2719.0,2725.0,2724.75,2719.0,16355
3856000,20181102 154108 4800000,2718.0,2724.0,2719.0,2719.75,15969
3864000,20181102 154524 3710000,2716.5,2723.0,2719.75,2717.25,15508
3872000,20181102 154941 2960000,2715.25,2719.75,2717.25,2717.75,15491
3880000,20181102 155423 6750000,2717.0,2720.25,2717.75,2718.25,14549
3888000,20181102 155930 8120000,2717.25,2722.25,2718.25,2722.25,15044
3896000,20181102 160246 7500000,2720.25,2724.75,2722.25,2721.0,16725
3904000,20181102 160816 0030000,2719.5,2723.75,2721.0,2721.5,14984
3912000,20181102 161254 3390000,2715.75,2722.0,2721.5,2718.5,15231
3920000,20181102 161830 8040000,2717.25,2721.5,2718.5,2719.25,14905
3928000,20181102 162359 5070000,2716.75,2720.75,2719.25,2717.0,18828
3936000,20181102 163132 3430000,2716.5,2721.5,2717.0,2718.0,15048
3944000,20181102 163320 1440000,2713.0,2718.75,2718.0,2715.25,17587
3952000,20181102 163629 8430000,2711.5,2715.5,2715.25,2714.25,16709
3960000,20181102 163945 2260000,2708.5,2714.75,2714.25,2709.75,17231
3968000,20181102 164423 3860000,2709.75,2713.5,2709.75,2712.0,15209
3976000,20181102 164824 7890000,2707.75,2712.5,2712.0,2711.5,15616
3984000,20181102 165307 2260000,2708.0,2711.75,2711.5,2708.0,16108
3992000,20181102 165527 0420000,2702.5,2708.25,2708.0,2702.75,18574
4000000,20181102 165851 7030000,2701.25,2703.75,2702.75,2703.5,14685
4008000,20181102 170228 7500000,2701.75,2706.0,2703.5,2703.25,15135
4016000,20181102 170635 6910000,2699.5,2703.75,2703.25,2703.0,16447
4024000,20181102 171058 6560000,2702.0,2707.0,2703.0,2707.0,16158
4032000,20181102 171329 3280000,2706.75,2709.75,2707.0,2709.25,17431
4040000,20181102 171752 6400000,2708.5,2712.25,2709.25,2709.75,16061
4048000,20181102 172416 9290000,2709.5,2714.5,2709.75,2711.0,17349
4056000,20181102 173005 6170000,2709.5,2713.5,2711.0,2711.0,15351
4064000,20181102 173844 6210000,2708.75,2713.5,2711.0,2709.75,15060
4072000,20181102 174341 0620000,2708.5,2717.0,2709.75,2715.0,16335
4080000,20181102 175000 4570000,2713.5,2717.5,2715.0,2715.0,16903
4088000,20181102 175609 5460000,2711.25,2716.25,2715.0,2711.5,16095
4096000,20181102 180508 2030000,2707.25,2713.25,2711.5,2707.25,15719
4104000,20181102 181233 6090000,2705.0,2708.25,2707.25,2705.5,16204
4112000,20181102 182122 4680000,2704.0,2709.0,2705.25,2705.75,15514
4120000,20181102 182758 7070000,2704.25,2712.25,2705.75,2712.25,15363
4128000,20181102 182859 8860000,2712.25,2720.5,2712.25,2720.0,17833
4136000,20181102 182946 2530000,2718.0,2726.5,2720.0,2726.5,17637
4144000,20181102 183032 4600000,2720.5,2728.0,2726.5,2722.0,17438
4152000,20181102 183200 2140000,2716.5,2722.0,2722.0,2719.5,16306
4160000,20181102 183401 2180000,2717.25,2725.25,2719.5,2722.75,19156
4168000,20181102 183558 7140000,2717.5,2723.75,2722.75,2719.0,17272
4176000,20181102 183942 6170000,2715.5,2719.25,2719.0,2715.75,16205
4184000,20181102 184413 5580000,2715.0,2721.0,2715.75,2719.25,14264
4192000,20181102 184955 4800000,2716.0,2720.0,2719.25,2717.5,15582
4200000,20181102 185555 3390000,2717.25,2720.25,2717.5,2718.5,14833
4208000,20181102 190005 3550000,2717.25,2720.75,2718.5,2720.0,16359
4216000,20181102 190301 1560000,2712.5,2721.5,2720.0,2713.0,14689
4224000,20181102 190845 2850000,2711.75,2717.5,2713.0,2716.75,13581
4232000,20181102 191250 0460000,2715.5,2723.5,2716.75,2722.5,15137
4240000,20181102 191601 0620000,2719.5,2724.75,2722.5,2719.75,16614
4248000,20181102 192206 7610000,2717.75,2721.75,2719.75,2721.5,14524
4256000,20181102 192703 7300000,2720.0,2725.0,2721.5,2722.5,15403
4264000,20181102 193154 3120000,2716.5,2722.5,2722.5,2719.0,16732
4272000,20181102 193811 8670000,2715.75,2720.75,2719.0,2718.5,16463
4280000,20181102 194326 9600000,2718.25,2723.75,2718.5,2721.25,17567
4288000,20181102 194817 4530000,2719.0,2723.5,2721.25,2720.75,17317
4296000,20181102 195307 4210000,2720.5,2724.5,2720.75,2723.5,17622
4304000,20181102 195609 8860000,2721.25,2724.75,2723.5,2721.75,21438
4312000,20181102 195817 3040000,2718.75,2722.0,2721.75,2719.0,27263
4320000,20181102 195941 3350000,2717.0,2720.0,2719.0,2718.0,29232
4328000,20181102 200006 1600000,2718.0,2723.0,2718.0,2722.75,41408
4336000,20181102 200229 2420000,2721.75,2724.75,2722.5,2724.0,24130
4344000,20181102 201205 2420000,2722.0,2724.5,2724.0,2722.75,20922
4352000,20181104 230858 5620000,2717.5,2724.75,2722.75,2718.0,21753
4360000,20181105 002602 8630000,2713.5,2721.5,2718.0,2717.25,11713
4368000,20181105 014053 0270000,2712.75,2719.5,2717.25,2714.5,11720
4376000,20181105 023814 0930000,2713.0,2719.25,2714.5,2716.0,11912
4384000,20181105 052749 6480000,2714.25,2717.75,2716.0,2717.25,11117
4392000,20181105 080150 2730000,2716.25,2719.75,2717.25,2717.5,14109
4400000,20181105 090323 7890000,2715.0,2719.25,2717.5,2716.75,16260
4408000,20181105 100234 4170000,2714.0,2722.75,2716.75,2722.5,14967
4416000,20181105 111032 3120000,2719.0,2724.0,2722.5,2722.5,17903
4424000,20181105 120249 4960000,2722.5,2728.75,2722.5,2728.25,18104
4432000,20181105 125430 7570000,2723.75,2729.5,2728.25,2723.75,17473
4440000,20181105 132851 7530000,2721.5,2725.75,2723.75,2722.25,16951
4448000,20181105 141703 8860000,2720.5,2726.75,2722.25,2725.5,15749
4456000,20181105 143044 6360000,2725.25,2729.25,2725.5,2729.25,21428
4464000,20181105 143301 4170000,2726.5,2729.75,2729.25,2727.75,16706
4472000,20181105 143501 9330000,2726.5,2732.25,2727.75,2730.25,16162
4480000,20181105 143737 7380000,2729.5,2733.25,2730.25,2731.0,15641
4488000,20181105 144039 4570000,2729.0,2731.75,2731.0,2730.0,15252
4496000,20181105 144428 5460000,2726.5,2730.5,2730.0,2726.75,15075
4504000,20181105 144734 6910000,2725.75,2728.5,2726.75,2727.5,15972
4512000,20181105 145220 1050000,2725.75,2729.75,2727.5,2729.0,15624
4520000,20181105 145805 4680000,2726.75,2729.5,2729.0,2727.0,16313
4528000,20181105 150255 8670000,2722.5,2727.0,2727.0,2723.0,15965
4536000,20181105 150655 1170000,2721.75,2724.75,2723.0,2724.0,16038
4544000,20181105 151038 4640000,2719.0,2724.0,2724.0,2720.75,15825
4552000,20181105 151344 3160000,2717.5,2720.75,2720.5,2719.0,17741
4560000,20181105 151830 0820000,2718.5,2721.0,2719.25,2720.25,16457
4568000,20181105 152306 2730000,2717.5,2720.75,2720.25,2717.5,17036
4576000,20181105 152707 2460000,2717.0,2720.5,2717.5,2720.0,18123
4584000,20181105 153019 1280000,2719.75,2724.25,2720.0,2724.0,19110
4592000,20181105 153320 7300000,2723.5,2727.75,2724.0,2726.5,18308
4600000,20181105 153925 8240000,2724.0,2727.0,2726.5,2724.25,16380
4608000,20181105 154403 7030000,2723.5,2728.25,2724.25,2725.25,16946
4616000,20181105 154914 6910000,2722.75,2727.5,2725.25,2724.75,16048
4624000,20181105 155511 8900000,2724.0,2729.5,2724.75,2728.5,15262
4632000,20181105 155959 0110000,2727.5,2733.25,2728.25,2732.25,18031
4640000,20181105 160534 0000000,2730.25,2733.25,2732.25,2731.75,16972
4648000,20181105 161221 0390000,2730.25,2734.25,2731.75,2731.5,16981
4656000,20181105 162033 8630000,2729.5,2731.5,2731.5,2730.25,16047
4664000,20181105 162836 9450000,2727.0,2730.75,2730.25,2727.75,16183
4672000,20181105 163614 0270000,2724.75,2728.0,2727.75,2726.0,17254
4680000,20181105 164556 3160000,2724.25,2729.0,2726.0,2725.25,14748
4688000,20181105 165355 0850000,2725.25,2731.5,2725.25,2730.5,16294
4696000,20181105 170348 3430000,2729.0,2732.5,2730.5,2730.0,15880
4704000,20181105 171346 3430000,2727.0,2730.75,2730.0,2729.0,15696
4712000,20181105 172504 8320000,2726.5,2731.0,2729.0,2730.5,15565
4720000,20181105 173715 5580000,2725.75,2731.25,2730.5,2726.75,15357
4728000,20181105 174851 7690000,2724.25,2727.0,2726.75,2725.0,16481
4736000,20181105 180024 9140000,2724.5,2727.0,2725.0,2726.25,14445
4744000,20181105 181441 0970000,2725.0,2728.0,2726.25,2727.25,17150
4752000,20181105 182425 5970000,2725.75,2729.5,2727.25,2728.5,18875
4760000,20181105 183853 0070000,2727.5,2731.25,2728.5,2730.75,15197
4768000,20181105 185408 7730000,2729.75,2732.75,2730.75,2732.5,14218
4776000,20181105 190607 4720000,2730.0,2733.75,2732.5,2730.25,15974
4784000,20181105 191908 2530000,2730.0,2735.25,2730.25,2735.0,16577
4792000,20181105 192245 8670000,2734.75,2739.5,2735.0,2739.5,19555
4800000,20181105 192558 0350000,2738.75,2740.5,2739.5,2739.75,21159
4808000,20181105 193017 8430000,2738.25,2740.5,2739.75,2739.0,20683
4816000,20181105 193958 2850000,2737.25,2740.0,2739.0,2738.5,17356
4824000,20181105 194716 4680000,2738.5,2743.75,2738.5,2742.25,17228
4832000,20181105 195507 2420000,2740.5,2743.75,2742.25,2742.5,17321
4840000,20181105 200402 1750000,2739.75,2742.75,2742.5,2740.25,16961
4848000,20181105 201146 3550000,2739.5,2743.25,2740.25,2742.75,18272
4856000,20181105 201924 9140000,2738.0,2743.0,2743.0,2738.5,16569
4864000,20181105 202509 7380000,2734.5,2739.25,2738.5,2734.5,20213
4872000,20181105 202838 0780000,2732.25,2736.5,2734.5,2736.25,20028
4880000,20181105 203517 4410000,2733.75,2737.0,2736.25,2736.25,17569
4888000,20181105 204420 5580000,2735.0,2737.75,2736.25,2736.25,17436
4896000,20181105 205041 3040000,2733.75,2737.5,2736.25,2735.5,19109
4904000,20181105 205545 9410000,2734.75,2739.25,2735.5,2738.25,19339
4912000,20181105 205840 6170000,2736.75,2740.25,2738.25,2737.0,22743
4920000,20181105 205957 0310000,2736.5,2738.5,2737.0,2737.25,28429
4928000,20181105 210130 3710000,2736.5,2740.25,2737.25,2739.5,34007
4936000,20181105 211448 5970000,2739.25,2741.75,2739.5,2739.25,24653
4944000,20181106 002122 6210000,2737.5,2742.75,2739.25,2741.5,17306
4952000,20181106 013407 9330000,2740.5,2745.75,2741.5,2740.5,11639
4960000,20181106 030049 8590000,2738.25,2742.25,2740.5,2740.25,11444
4968000,20181106 054435 8390000,2738.0,2743.0,2740.25,2741.5,11333
4976000,20181106 073916 5230000,2741.25,2746.5,2741.5,2743.0,12119
4984000,20181106 082518 6640000,2736.0,2743.5,2743.0,2736.0,13053
4992000,20181106 091626 0500000,2733.25,2737.25,2736.0,2736.75,13624
5000000,20181106 101337 9530000,2729.75,2738.5,2736.75,2730.0,13605
5008000,20181106 110445 3670000,2729.75,2736.0,2730.0,2733.25,13044
5016000,20181106 121437 7070000,2731.5,2736.0,2733.25,2732.0,13856
5024000,20181106 131443 9330000,2731.25,2736.0,2732.0,2734.0,15998
5032000,20181106 135723 3820000,2731.75,2734.75,2734.0,2733.25,13479
5040000,20181106 143001 0000000,2732.75,2737.0,2733.25,2736.5,16109
5048000,20181106 143148 6520000,2735.75,2739.75,2736.5,2739.75,16955
5056000,20181106 143337 2220000,2739.75,2742.0,2739.75,2741.75,16116
5064000,20181106 143557 1870000,2741.25,2743.75,2741.75,2743.75,14901
5072000,20181106 143840 4020000,2742.75,2745.25,2743.75,2744.0,15807
5080000,20181106 144106 9020000,2743.25,2747.5,2744.0,2747.0,15815
5088000,20181106 144406 4370000,2745.75,2748.75,2747.0,2747.0,16077
5096000,20181106 144720 4530000,2746.75,2750.0,2747.0,2750.0,17438
5104000,20181106 145038 2300000,2749.0,2751.25,2750.0,2749.0,16105
5112000,20181106 145508 7380000,2748.0,2750.25,2749.0,2750.25,17039
5120000,20181106 145918 6400000,2748.0,2751.75,2750.25,2750.5,16487
5128000,20181106 150326 1870000,2747.0,2751.0,2750.5,2748.75,17189
5136000,20181106 150732 8590000,2745.0,2749.75,2748.75,2745.75,17671
5144000,20181106 151313 3350000,2745.5,2747.75,2745.75,2746.75,17268
5152000,20181106 151816 8710000,2745.75,2749.25,2746.75,2746.0,16882
5160000,20181106 152502 1360000,2745.5,2750.0,2746.25,2750.0,16269
5168000,20181106 153023 7070000,2746.0,2750.0,2750.0,2746.75,16973
5176000,20181106 153759 8710000,2745.75,2748.5,2746.75,2746.0,16287
5184000,20181106 154111 4600000,2742.0,2746.0,2746.0,2743.75,16504
5192000,20181106 154623 8280000,2743.25,2749.0,2743.75,2747.5,18303
5200000,20181106 155229 4020000,2745.0,2748.75,2747.5,2746.75,18757
5208000,20181106 155924 7220000,2745.5,2748.25,2746.75,2746.75,18040
5216000,20181106 160613 8550000,2744.0,2748.0,2746.75,2744.75,15742
5224000,20181106 161148 7260000,2743.5,2747.5,2744.75,2747.25,18571
5232000,20181106 161624 5030000,2745.75,2751.25,2747.25,2749.75,19969
5240000,20181106 162345 2070000,2744.25,2750.0,2749.75,2745.75,17216
5248000,20181106 163227 6480000,2743.5,2748.0,2745.75,2745.0,17187
5256000,20181106 164027 0390000,2742.5,2747.0,2745.0,2746.5,17139
5264000,20181106 165150 3430000,2745.0,2747.5,2746.5,2747.5,17465
5272000,20181106 165934 8320000,2745.0,2748.75,2747.5,2746.0,19124
5280000,20181106 170729 5070000,2746.0,2750.5,2746.0,2750.5,18597
5288000,20181106 171812 9570000,2747.0,2750.5,2750.5,2747.5,17358
5296000,20181106 173313 6090000,2746.25,2750.25,2747.5,2749.5,17542
5304000,20181106 174230 6090000,2749.25,2753.25,2749.5,2752.5,18362
5312000,20181106 175500 4100000,2750.0,2753.0,2752.5,2750.5,19029
5320000,20181106 181000 2530000,2749.75,2752.25,2750.5,2751.5,18740
5328000,20181106 182423 7220000,2750.0,2752.5,2751.5,2751.0,19642
5336000,20181106 183921 3750000,2748.5,2751.25,2751.0,2749.75,18582
5344000,20181106 185614 1710000,2748.5,2751.5,2749.75,2751.5,18955
5352000,20181106 190821 7460000,2746.5,2751.5,2751.5,2748.25,17236
5360000,20181106 192134 7500000,2744.25,2748.75,2748.25,2744.75,16397
5368000,20181106 192711 0190000,2739.25,2745.5,2744.75,2740.5,18851
5376000,20181106 193223 5190000,2737.75,2741.5,2740.5,2739.75,17928
5384000,20181106 193646 3820000,2739.5,2743.0,2739.75,2743.0,19125
5392000,20181106 194642 1990000,2740.75,2743.5,2743.0,2742.25,15748
5400000,20181106 195716 4490000,2742.0,2745.25,2742.25,2743.75,16025
5408000,20181106 200645 4170000,2740.75,2745.5,2743.75,2745.25,16168
5416000,20181106 201740 4100000,2744.0,2747.5,2745.25,2746.25,16193
5424000,20181106 202519 2300000,2744.5,2749.5,2746.25,2747.5,17963
5432000,20181106 203545 0890000,2746.0,2748.5,2747.5,2747.75,16861
5440000,20181106 204357 8350000,2746.0,2749.75,2747.75,2747.0,17918
5448000,20181106 204802 9600000,2743.5,2749.0,2747.0,2747.75,22623
5456000,20181106 205307 9490000,2747.25,2751.75,2747.75,2751.25,22662
5464000,20181106 205539 0190000,2751.25,2755.5,2751.25,2754.25,21088
5472000,20181106 205928 0970000,2753.0,2755.75,2754.25,2755.25,24934
5480000,20181106 210000 4880000,2753.5,2756.5,2755.25,2754.75,38794
5488000,20181106 210321 2420000,2754.0,2758.5,2754.75,2758.25,25697
5496000,20181106 211227 1320000,2757.75,2760.75,2758.25,2760.5,21847
5504000,20181106 230605 0190000,2753.25,2761.0,2760.5,2754.5,21353
5512000,20181107 000923 2180000,2750.5,2756.0,2754.5,2754.25,14077
5520000,20181107 004131 1950000,2747.25,2758.5,2754.25,2748.75,11582
5528000,20181107 005021 1560000,2744.75,2751.75,2748.75,2750.5,11006
5536000,20181107 010316 5030000,2749.0,2762.75,2750.25,2758.5,11052
5544000,20181107 011329 1010000,2755.75,2761.0,2758.5,2757.25,10778
5552000,20181107 012029 1480000,2756.25,2765.0,2757.25,2761.5,11442
5560000,20181107 012519 7030000,2761.25,2770.25,2761.5,2765.0,12298
5568000,20181107 013436 3390000,2763.0,2770.0,2765.0,2767.0,12002
5576000,20181107 014624 5070000,2761.25,2768.0,2767.0,2766.0,11486
5584000,20181107 020333 6640000,2765.25,2769.0,2766.0,2766.25,10825
5592000,20181107 021721 4330000,2766.25,2774.5,2766.25,2770.75,12210
5600000,20181107 023505 4600000,2767.0,2773.5,2770.75,2767.0,12976
5608000,20181107 024737 5000000,2763.5,2769.0,2767.0,2763.75,11834
5616000,20181107 030627 4720000,2760.25,2766.75,2763.75,2766.75,12742
5624000,20181107 032224 9100000,2757.0,2767.0,2766.75,2763.25,12693
5632000,20181107 034123 7610000,2758.0,2766.75,2763.25,2766.75,14045
5640000,20181107 042211 2500000,2761.5,2767.0,2766.75,2764.25,12199
5648000,20181107 051946 8200000,2762.75,2771.0,2764.25,2765.25,10788
5656000,20181107 060224 0390000,2759.0,2766.5,2765.25,2762.5,11344
5664000,20181107 071359 1480000,2759.5,2765.5,2762.5,2759.5,12094
5672000,20181107 080135 2730000,2758.5,2765.25,2759.5,2765.25,12640
5680000,20181107 081653 1600000,2764.75,2773.5,2765.25,2772.0,13593
5688000,20181107 083308 1950000,2771.25,2776.75,2771.75,2774.75,15161
5696000,20181107 085106 3710000,2773.25,2780.25,2774.75,2780.0,15371
5704000,20181107 091712 6950000,2777.5,2780.5,2780.0,2780.0,14426
5712000,20181107 094652 3040000,2779.25,2783.5,2780.0,2782.0,13790
5720000,20181107 101041 6320000,2782.0,2787.0,2782.0,2785.75,16092
5728000,20181107 104955 7920000,2782.5,2786.5,2785.75,2784.5,13901
5736000,20181107 113814 3750000,2779.75,2785.5,2784.5,2781.0,13825
5744000,20181107 121926 0660000,2778.75,2784.0,2781.0,2783.75,12705
5752000,20181107 125039 3860000,2776.5,2784.5,2783.75,2776.5,15840
5760000,20181107 132049 2500000,2774.0,2778.25,2776.5,2776.75,16835
5768000,20181107 134842 6750000,2776.5,2780.75,2776.75,2779.25,17790
5776000,20181107 141414 5970000,2774.75,2779.5,2779.0,2774.75,17746
5784000,20181107 142819 4840000,2773.5,2778.25,2774.75,2777.5,17874
5792000,20181107 143116 5150000,2777.5,2779.75,2777.5,2778.75,18704
5800000,20181107 143245 9530000,2778.0,2781.0,2778.75,2779.25,16439
5808000,20181107 143425 2810000,2778.0,2782.5,2779.25,2782.0,15586
5816000,20181107 143636 9020000,2781.5,2783.75,2782.0,2782.0,15736
5824000,20181107 143809 8430000,2781.75,2787.0,2782.0,2785.5,19023
5832000,20181107 143949 1830000,2785.0,2787.75,2785.5,2786.75,19523
5840000,20181107 144201 7920000,2784.75,2787.25,2786.75,2785.5,16173
5848000,20181107 144359 4210000,2781.5,2786.0,2785.5,2782.75,17441
5856000,20181107 144639 9600000,2781.25,2784.0,2782.75,2782.25,17424
5864000,20181107 144953 3390000,2779.5,2782.5,2782.5,2781.25,16114
5872000,20181107 145401 1320000,2778.5,2782.75,2781.25,2778.5,15552
5880000,20181107 145714 6910000,2777.25,2779.75,2778.5,2779.25,15389
5888000,20181107 150101 7100000,2776.75,2779.75,2779.25,2778.75,15432
5896000,20181107 150438 3900000,2777.0,2781.5,2778.75,2777.25,15365
5904000,20181107 150742 0700000,2774.25,2778.0,2777.25,2775.0,16154
5912000,20181107 151206 1250000,2775.0,2778.5,2775.0,2778.5,15339
5920000,20181107 151556 0850000,2778.25,2780.75,2778.5,2779.5,15423
5928000,20181107 151957 5500000,2778.5,2782.5,2779.5,2778.75,15764
5936000,20181107 152258 2890000,2776.75,2781.5,2778.75,2780.25,16170
5944000,20181107 152717 3160000,2779.75,2784.0,2780.25,2782.75,15987
5952000,20181107 153207 3940000,2781.5,2785.75,2782.75,2783.5,16074
5960000,20181107 153606 0780000,2783.0,2787.5,2783.5,2787.5,16999
5968000,20181107 153923 3900000,2786.75,2790.25,2787.5,2789.25,18170
5976000,20181107 154340 2180000,2789.25,2792.25,2789.5,2791.5,17055
5984000,20181107 154806 0780000,2790.25,2792.75,2791.5,2791.0,18061
5992000,20181107 155238 4330000,2788.75,2791.25,2791.0,2790.25,18663
6000000,20181107 155641 5420000,2788.25,2792.75,2790.25,2790.0,16006
6008000,20181107 160151 2690000,2787.5,2790.75,2790.0,2788.5,17493
6016000,20181107 160749 7690000,2787.0,2790.75,2788.5,2790.75,18871
6024000,20181107 161348 1830000,2790.5,2793.25,2790.75,2792.25,16171
6032000,20181107 161923 6170000,2789.0,2793.0,2792.25,2789.25,16355
6040000,20181107 162611 0700000,2788.0,2791.0,2789.25,2789.25,15791
6048000,20181107 163402 3820000,2788.0,2791.25,2789.25,2789.5,16197
6056000,20181107 164033 5500000,2789.25,2791.75,2789.5,2791.0,19306
6064000,20181107 164657 0270000,2788.75,2792.0,2791.0,2790.5,23685
6072000,20181107 165426 5780000,2790.5,2793.75,2790.5,2793.75,21025
6080000,20181107 165856 2220000,2793.75,2797.25,2793.75,2797.25,20084
6088000,20181107 170317 2260000,2797.0,2798.0,2797.25,2797.5,18087
6096000,20181107 171032 5500000,2797.0,2798.75,2797.5,2797.5,17799
6104000,20181107 171859 6600000,2795.75,2798.0,2797.5,2795.75,15764
6112000,20181107 173127 4330000,2795.0,2796.75,2795.75,2795.75,16450
6120000,20181107 174318 7920000,2795.0,2797.5,2795.5,2795.25,16882
6128000,20181107 175351 5820000,2794.5,2799.0,2795.25,2799.0,16730
6136000,20181107 180235 2340000,2798.0,2800.5,2799.0,2800.0,21012
6144000,20181107 181130 0390000,2798.5,2801.25,2800.0,2800.0,17505
6152000,20181107 182251 9640000,2797.75,2801.0,2800.0,2799.25,15526
6160000,20181107 183544 3550000,2797.75,2801.0,2799.25,2797.75,16236
6168000,20181107 184649 0190000,2795.25,2799.0,2797.75,2795.5,16739
6176000,20181107 185747 0540000,2793.75,2796.0,2795.5,2795.75,15429
6184000,20181107 190532 2890000,2795.5,2799.5,2795.75,2799.0,18140
6192000,20181107 191038 8240000,2798.0,2802.5,2799.0,2802.5,17876
6200000,20181107 191924 2260000,2801.0,2803.75,2802.5,2801.25,16735
6208000,20181107 193012 7500000,2801.25,2804.25,2801.25,2803.0,17503
6216000,20181107 193707 8860000,2802.75,2806.75,2803.0,2806.5,20924
6224000,20181107 194355 5390000,2804.75,2807.75,2806.5,2804.75,19929
6232000,20181107 194739 6130000,2803.0,2805.75,2804.75,2803.25,18966
6240000,20181107 195429 4410000,2802.0,2805.0,2803.25,2803.25,17465
6248000,20181107 200055 6090000,2803.0,2805.25,2803.25,2805.25,18004
6256000,20181107 200915 8510000,2804.5,2807.25,2805.25,2806.0,17692
6264000,20181107 201508 4100000,2805.25,2809.5,2806.0,2808.75,21022
6272000,20181107 202508 6170000,2807.0,2809.5,2808.75,2809.25,19075
6280000,20181107 203033 9490000,2808.0,2810.75,2809.25,2810.0,20885
6288000,20181107 203606 8240000,2809.75,2812.25,2810.0,2811.25,22199
6296000,20181107 204317 5930000,2809.0,2811.5,2811.25,2809.25,18216
6304000,20181107 204905 4490000,2807.75,2810.5,2809.25,2808.75,20153
6312000,20181107 205328 8240000,2807.5,2811.5,2808.75,2811.0,21019
6320000,20181107 205613 4140000,2809.75,2813.25,2811.0,2813.0,24054
6328000,20181107 205836 8590000,2812.5,2814.5,2813.0,2813.5,25320
6336000,20181107 205943 9330000,2813.25,2815.0,2813.5,2814.0,29797
6344000,20181107 210000 7380000,2812.25,2814.25,2814.0,2813.75,40168
6352000,20181107 210159 0110000,2812.5,2814.75,2813.75,2813.0,29296
6360000,20181107 211106 1320000,2812.75,2816.25,2813.0,2815.75,26930
6368000,20181107 215732 6830000,2815.5,2817.75,2815.75,2816.5,26238
6376000,20181108 002354 5660000,2813.75,2817.75,2816.5,2815.75,14341
6384000,20181108 014242 8980000,2813.5,2818.0,2815.75,2813.75,11830
6392000,20181108 024618 2070000,2809.25,2814.75,2813.75,2812.75,12234
6400000,20181108 051006 4720000,2812.5,2816.25,2812.75,2814.0,11204
6408000,20181108 070604 1130000,2810.25,2814.25,2814.0,2810.75,12863
6416000,20181108 080425 9370000,2810.5,2815.75,2810.75,2814.75,13925
6424000,20181108 083535 5150000,2813.0,2816.5,2814.75,2813.25,15941
6432000,20181108 092654 2570000,2811.75,2814.5,2813.25,2812.25,13731
6440000,20181108 100304 0030000,2803.25,2812.5,2812.25,2804.25,15249
6448000,20181108 103504 3240000,2802.0,2806.25,2804.25,2802.25,14817
6456000,20181108 112255 4410000,2802.0,2806.25,2802.25,2806.0,14303
6464000,20181108 120320 9020000,2801.5,2806.25,2806.0,2805.5,13976
6472000,20181108 125102 0460000,2804.75,2808.25,2805.5,2807.5,13932
6480000,20181108 133006 9210000,2805.25,2809.0,2807.5,2807.25,14544
6488000,20181108 135743 8080000,2804.25,2807.75,2807.25,2806.0,15690
6496000,20181108 142302 0970000,2803.75,2807.0,2806.0,2804.75,16733
6504000,20181108 143038 9290000,2804.0,2807.5,2804.75,2805.5,17435
6512000,20181108 143239 9600000,2805.25,2808.0,2805.5,2808.0,14749
6520000,20181108 143456 9600000,2804.0,2808.0,2808.0,2806.0,14533
6528000,20181108 143750 2030000,2804.75,2807.75,2806.0,2805.75,16319
6536000,20181108 144041 9290000,2805.25,2810.5,2805.75,2810.25,15793
6544000,20181108 144416 6480000,2808.25,2811.0,2810.25,2808.75,16289
6552000,20181108 144854 8940000,2808.25,2812.5,2808.75,2812.25,16082
6560000,20181108 145314 5110000,2810.0,2812.75,2812.25,2811.75,18365
6568000,20181108 145730 8780000,2810.5,2813.25,2811.75,2811.5,16930
6576000,20181108 150300 5540000,2810.75,2812.75,2811.5,2812.25,16495
6584000,20181108 150809 3430000,2810.0,2813.25,2812.25,2810.0,16375
6592000,20181108 151209 4760000,2806.75,2810.0,2810.0,2806.75,18285
6600000,20181108 151645 0820000,2804.5,2807.75,2806.75,2806.0,17969
6608000,20181108 152300 3430000,2804.5,2807.5,2806.0,2805.75,15582
6616000,20181108 152843 3940000,2804.5,2808.25,2805.75,2807.25,16412
6624000,20181108 153356 4800000,2805.25,2809.25,2807.25,2809.0,16067
6632000,20181108 153929 4760000,2807.0,2809.5,2809.0,2809.0,17121
6640000,20181108 154448 4450000,2807.25,2811.0,2809.0,2807.75,16164
6648000,20181108 155059 8820000,2805.75,2810.0,2807.75,2809.5,15641
6656000,20181108 160102 3980000,2808.75,2811.25,2809.5,2809.25,17416
6664000,20181108 161016 8630000,2809.0,2812.75,2809.25,2811.0,15086
6672000,20181108 162139 7690000,2809.75,2811.75,2811.0,2810.5,16160
6680000,20181108 162956 4600000,2807.25,2810.75,2810.5,2809.75,16998
6688000,20181108 163818 9570000,2809.75,2813.5,2809.75,2811.75,16877
6696000,20181108 164840 4600000,2811.25,2814.5,2811.75,2813.25,16889
6704000,20181108 170246 5350000,2811.25,2814.5,2813.25,2812.25,15797
6712000,20181108 171654 7690000,2812.0,2815.25,2812.25,2815.25,15899
6720000,20181108 173216 5070000,2811.25,2815.25,2815.25,2811.75,17493
6728000,20181108 175022 9330000,2811.25,2814.0,2811.75,2811.75,18409
6736000,20181108 180114 7730000,2809.0,2812.0,2811.75,2810.25,19681
6744000,20181108 181922 8430000,2807.75,2810.75,2810.25,2807.75,18299
6752000,20181108 183006 3590000,2804.25,2808.25,2807.75,2804.25,18639
6760000,20181108 184351 9680000,2804.0,2806.25,2804.25,2804.75,16373
6768000,20181108 190029 5500000,2804.25,2808.5,2804.75,2807.75,16105
6776000,20181108 190411 2850000,2802.75,2811.0,2807.75,2802.75,14594
6784000,20181108 190642 7730000,2801.0,2808.5,2802.75,2808.0,15402
6792000,20181108 191027 9330000,2807.25,2812.25,2808.0,2810.75,14722
6800000,20181108 191655 3670000,2809.0,2811.75,2810.75,2810.75,14781
6808000,20181108 192104 3980000,2806.5,2811.25,2810.75,2808.25,15883
6816000,20181108 192846 0110000,2804.25,2809.25,2808.25,2804.5,14640
6824000,20181108 193258 4100000,2800.25,2804.75,2804.5,2802.5,16705
6832000,20181108 193837 0460000,2800.0,2803.75,2802.5,2800.0,15469
6840000,20181108 194145 4840000,2796.5,2800.5,2800.0,2797.0,17567
6848000,20181108 194540 7730000,2795.0,2798.25,2797.0,2797.0,17847
6856000,20181108 194910 4140000,2796.5,2802.25,2797.0,2800.25,17030
6864000,20181108 195533 3670000,2798.5,2803.0,2800.25,2800.5,14422
6872000,20181108 200107 8550000,2798.0,2803.25,2800.5,2798.5,14606
6880000,20181108 200617 9680000,2797.5,2801.0,2798.5,2800.0,14601
6888000,20181108 201231 7500000,2799.25,2802.75,2800.0,2801.0,14771
6896000,20181108 201639 7220000,2800.75,2805.5,2801.0,2802.75,17036
6904000,20181108 202314 3900000,2801.5,2805.0,2802.75,2802.5,17245
6912000,20181108 202947 8390000,2800.5,2804.25,2802.5,2800.5,17252
6920000,20181108 203457 6050000,2798.75,2802.0,2800.5,2800.75,15937
6928000,20181108 203928 1750000,2796.5,2801.5,2800.75,2797.75,17577
6936000,20181108 204658 5930000,2797.25,2803.5,2797.75,2803.5,15030
6944000,20181108 205358 5190000,2802.25,2806.0,2803.5,2803.75,16727
6952000,20181108 205746 3430000,2802.5,2805.5,2803.75,2803.0,20941
6960000,20181108 205934 9140000,2802.5,2806.5,2803.0,2805.75,24469
6968000,20181108 210005 3470000,2805.75,2808.0,2805.75,2808.0,36169
6976000,20181108 210223 6130000,2807.5,2810.75,2808.0,2809.25,26585
6984000,20181108 211445 0150000,2807.25,2810.0,2809.25,2809.0,24607
6992000,20181109 000140 4290000,2802.5,2809.5,2809.0,2806.5,17857
7000000,20181109 011611 5660000,2803.5,2809.75,2806.5,2804.0,11189
7008000,20181109 021108 1710000,2802.25,2808.0,2804.0,2802.25,10734
7016000,20181109 033050 8900000,2799.75,2804.75,2802.25,2800.75,11480
7024000,20181109 045319 1990000,2800.5,2811.25,2800.75,2808.5,11918
7032000,20181109 072301 2220000,2802.0,2809.75,2808.5,2802.0,11952
7040000,20181109 081144 5390000,2795.75,2802.25,2802.0,2798.75,14410
7048000,20181109 084609 0820000,2793.25,2799.0,2798.75,2794.75,15617
7056000,20181109 094001 4060000,2793.75,2799.25,2794.75,2796.75,13794
7064000,20181109 104618 0580000,2792.5,2798.5,2796.75,2792.5,14231
7072000,20181109 113003 2380000,2791.25,2794.75,2792.5,2793.75,16335
7080000,20181109 121117 6320000,2789.5,2794.75,2793.75,2794.0,15684
7088000,20181109 125934 2220000,2790.75,2795.75,2794.0,2795.5,14713
7096000,20181109 133347 4720000,2793.0,2797.5,2795.5,2794.25,15379
7104000,20181109 140235 8860000,2791.75,2794.75,2794.25,2793.25,15286
7112000,20181109 142838 0070000,2792.75,2796.25,2793.0,2793.75,16038
7120000,20181109 143111 2340000,2791.5,2794.25,2793.75,2793.75,16916
7128000,20181109 143305 3280000,2791.5,2794.75,2793.75,2794.5,15745
7136000,20181109 143511 7850000,2791.25,2795.25,2794.5,2793.25,16978
7144000,20181109 143807 4880000,2790.75,2793.75,2793.25,2790.75,15188
7152000,20181109 144005 3080000,2788.75,2792.75,2790.75,2789.0,18425
7160000,20181109 144219 2260000,2786.25,2790.0,2789.0,2786.25,18221
7168000,20181109 144456 0070000,2784.75,2787.5,2786.25,2787.0,18613
7176000,20181109 144810 4250000,2786.5,2790.0,2787.0,2790.0,16368
7184000,20181109 145231 8820000,2786.0,2790.0,2790.0,2787.25,15128
7192000,20181109 145625 8780000,2785.0,2787.25,2787.25,2786.25,14411
7200000,20181109 150018 6480000,2784.0,2789.5,2786.25,2788.5,16894
7208000,20181109 150411 1400000,2785.0,2789.0,2788.5,2785.25,15695
7216000,20181109 150804 1210000,2784.0,2787.5,2785.25,2786.0,15559
7224000,20181109 151013 3510000,2780.75,2786.0,2786.0,2781.75,16652
7232000,20181109 151306 3040000,2780.5,2783.0,2781.75,2780.75,16848
7240000,20181109 151551 7460000,2778.25,2781.25,2780.75,2778.5,17578
7248000,20181109 151942 6870000,2778.25,2781.5,2778.5,2780.0,16647
7256000,20181109 152413 2960000,2779.25,2782.25,2780.0,2781.25,16619
7264000,20181109 152821 7770000,2781.25,2785.25,2781.25,2785.0,15546
7272000,20181109 153306 5970000,2784.0,2786.5,2784.75,2785.5,18104
7280000,20181109 153853 4530000,2784.25,2787.0,2785.5,2787.0,15990
7288000,20181109 154436 1640000,2786.75,2788.75,2787.0,2787.0,15750
7296000,20181109 155044 0780000,2782.75,2787.75,2787.0,2783.0,17229
7304000,20181109 155702 0540000,2781.5,2783.75,2783.0,2782.75,17297
7312000,20181109 160119 1250000,2780.25,2786.0,2782.75,2785.5,16211
7320000,20181109 160533 7180000,2777.75,2785.5,2785.5,2777.75,14649
7328000,20181109 160951 4640000,2777.25,2780.0,2777.75,2778.75,16395
7336000,20181109 161440 9570000,2778.25,2782.75,2778.75,2780.75,15509
7344000,20181109 161904 0310000,2780.0,2783.5,2780.75,2780.75,17333
7352000,20181109 162417 0970000,2780.0,2784.25,2780.75,2781.5,16682
7360000,20181109 162950 4760000,2781.5,2785.0,2781.5,2783.5,18059
7368000,20181109 163500 6950000,2781.5,2785.75,2783.5,2782.5,17354
7376000,20181109 163953 1790000,2781.0,2785.75,2782.5,2785.25,18742
7384000,20181109 164456 5660000,2779.75,2786.0,2785.5,2781.75,17131
7392000,20181109 165049 6130000,2776.75,2783.0,2781.75,2776.75,16452
7400000,20181109 165659 6320000,2775.75,2778.0,2776.75,2776.0,18487
7408000,20181109 170028 1750000,2772.5,2777.0,2776.0,2774.25,19524
7416000,20181109 170626 8000000,2774.0,2777.0,2774.0,2776.25,17665
7424000,20181109 171242 7420000,2774.5,2778.75,2776.25,2774.5,16346
7432000,20181109 171754 3550000,2771.25,2775.25,2774.5,2772.0,14950
7440000,20181109 172352 0350000,2771.0,2774.75,2772.0,2774.75,16401
7448000,20181109 173039 6670000,2773.25,2777.25,2774.75,2773.5,16354
7456000,20181109 173816 0850000,2773.25,2779.25,2773.5,2778.5,15987
7464000,20181109 174903 6050000,2777.0,2779.75,2778.5,2779.0,15759
7472000,20181109 175821 3780000,2776.0,2780.5,2779.0,2776.25,16070
7480000,20181109 180914 2100000,2773.5,2776.5,2776.25,2776.25,16014
7488000,20181109 181926 9060000,2772.5,2777.5,2776.25,2773.5,17200
7496000,20181109 183006 8710000,2771.75,2774.5,2773.5,2773.5,17057
7504000,20181109 183912 6010000,2770.25,2773.5,2773.5,2771.25,17668
7512000,20181109 184723 4920000,2768.5,2773.5,2771.25,2769.0,17765
7520000,20181109 185947 8780000,2768.0,2772.5,2769.0,2770.75,17601
7528000,20181109 190938 3900000,2769.25,2774.0,2770.75,2769.25,17191
7536000,20181109 191602 1050000,2766.5,2769.75,2769.25,2767.5,18519
7544000,20181109 192227 7180000,2764.5,2768.75,2767.5,2766.5,20429
7552000,20181109 193057 1600000,2765.5,2768.5,2766.5,2768.25,20276
7560000,20181109 193644 1670000,2767.5,2773.25,2768.25,2773.0,19213
7568000,20181109 194116 9140000,2772.25,2777.25,2773.0,2776.25,18314
7576000,20181109 194806 1130000,2774.25,2777.0,2776.25,2775.0,18513
7584000,20181109 195336 5230000,2773.0,2777.75,2775.0,2776.5,18666
7592000,20181109 195538 7810000,2775.25,2782.25,2776.5,2782.25,18921
7600000,20181109 200005 1910000,2778.0,2782.75,2782.25,2779.25,17823
7608000,20181109 200555 2920000,2777.0,2780.5,2779.25,2778.25,15632
7616000,20181109 201150 6640000,2776.75,2781.0,2778.25,2777.75,16063
7624000,20181109 201529 8980000,2777.5,2785.0,2777.5,2783.5,16958
7632000,20181109 202139 2890000,2780.0,2783.75,2783.5,2781.5,16913
7640000,20181109 202432 3980000,2781.0,2788.0,2781.5,2787.75,19769
7648000,20181109 202904 7460000,2784.75,2788.5,2787.5,2786.0,18446
7656000,20181109 203416 4140000,2784.25,2788.0,2786.0,2786.0,18059
7664000,20181109 203842 7300000,2783.5,2787.25,2786.0,2785.5,18056
7672000,20181109 204401 2220000,2784.75,2788.25,2785.5,2788.0,18429
7680000,20181109 204527 1170000,2787.25,2791.25,2788.0,2789.25,22978
7688000,20181109 204936 7300000,2783.5,2790.5,2789.25,2784.0,17589
7696000,20181109 205331 3670000,2782.5,2784.75,2784.0,2783.0,17186
7704000,20181109 205634 7690000,2782.75,2787.25,2783.0,2786.5,17547
7712000,20181109 205838 6560000,2783.5,2786.75,2786.5,2784.25,20459
7720000,20181109 205933 6400000,2781.75,2784.75,2784.25,2782.25,27929
7728000,20181109 205959 7850000,2780.75,2782.75,2782.25,2781.5,34201
7736000,20181109 210127 3120000,2779.25,2782.5,2781.5,2779.5,30443
7744000,20181109 210706 0820000,2778.0,2780.0,2779.5,2778.5,23929
7752000,20181109 215151 7070000,2776.5,2779.5,2778.5,2778.25,25251
