counter,datetime,low,high,open,close,vol
10152,20181028 230000 2460000,0,2682.25,2667.0,2677.25,18001
22110,20181029 001900 5780000,2672.75,2680.5,2677.25,2675.25,18003
34150,20181029 013332 1520000,2670.25,2679.0,2675.25,2671.0,18001
44562,20181029 021226 7920000,2662.25,2672.25,2671.0,2666.0,18001
56897,20181029 033728 4370000,2663.0,2671.5,2666.0,2669.5,18007
69223,20181029 055215 4020000,2661.75,2671.0,2669.5,2662.25,18002
79625,20181029 072016 2070000,2660.0,2667.25,2662.25,2666.5,18002
90687,20181029 081556 3350000,2661.75,2670.0,2666.5,2667.0,18001
101184,20181029 090047 4100000,2662.25,2668.0,2667.0,2664.75,18003
111651,20181029 093707 9020000,2662.25,2674.0,2664.75,2673.25,18001
121320,20181029 095451 2340000,2673.25,2681.0,2673.25,2680.25,18001
130727,20181029 102112 6520000,2678.5,2683.5,2680.25,2680.5,18001
139430,20181029 104028 6210000,2680.0,2688.5,2680.5,2687.75,18001
148446,20181029 110427 8390000,2685.75,2692.25,2687.5,2690.0,18008
157446,20181029 112523 1170000,2690.0,2698.5,2690.0,2698.25,18001
166076,20181029 114805 1640000,2691.75,2700.75,2698.25,2692.75,18001
175534,20181029 122115 7960000,2690.75,2697.75,2692.75,2697.25,18001
183941,20181029 124647 9640000,2693.5,2697.25,2697.25,2696.5,18001
192920,20181029 131518 4490000,2694.5,2698.25,2696.5,2695.0,18024
200929,20181029 133015 0350000,2692.0,2696.0,2695.0,2693.0,18002
208064,20181029 133140 5660000,2692.25,2695.5,2693.0,2692.75,18012
215880,20181029 133336 1050000,2691.25,2695.25,2692.75,2695.25,18001
223601,20181029 133506 8280000,2691.75,2696.5,2695.25,2693.0,18001
232818,20181029 133740 5500000,2692.25,2697.0,2693.0,2692.75,18001
241784,20181029 134008 3080000,2689.75,2696.0,2692.75,2691.25,18001
251107,20181029 134306 7960000,2688.5,2693.75,2691.25,2690.5,18001
259583,20181029 134538 9020000,2689.0,2693.0,2690.5,2691.0,18019
268996,20181029 134901 3350000,2689.5,2696.25,2691.0,2696.25,18003
278264,20181029 135136 7140000,2687.75,2696.5,2696.25,2687.75,18002
287212,20181029 135508 8240000,2687.0,2691.5,2687.75,2690.0,18005
296483,20181029 135910 7070000,2689.5,2695.5,2690.0,2694.5,18003
304528,20181029 140132 9060000,2693.5,2701.75,2694.5,2701.75,18016
312802,20181029 140329 3350000,2701.5,2704.25,2701.75,2704.0,18002
320628,20181029 140533 2100000,2703.75,2707.0,2704.0,2706.0,18015
328724,20181029 140826 0820000,2703.0,2706.5,2706.0,2704.0,18010
336128,20181029 141234 1790000,2702.0,2705.5,2704.0,2702.75,18001
344267,20181029 141737 6560000,2701.0,2704.25,2702.75,2703.5,18001
351971,20181029 142228 0000000,2701.5,2704.0,2703.5,2703.25,18005
360278,20181029 142903 0700000,2702.0,2705.0,2703.25,2704.0,18002
368602,20181029 143337 8780000,2699.5,2704.25,2704.0,2702.75,18001
377517,20181029 143759 3630000,2695.25,2703.0,2702.75,2695.5,18004
385766,20181029 144241 2460000,2693.25,2696.0,2695.5,2695.25,18001
394665,20181029 144801 8350000,2692.0,2697.25,2695.25,2692.0,18001
402642,20181029 145053 2850000,2689.5,2695.5,2692.0,2694.5,18001
410747,20181029 145459 3280000,2694.25,2698.75,2694.5,2698.25,18003
420066,20181029 150012 1480000,2693.75,2698.75,2698.25,2697.5,18001
429617,20181029 150636 9720000,2693.75,2698.75,2697.5,2696.0,18004
438410,20181029 151133 7610000,2691.25,2698.25,2696.0,2691.5,18043
446348,20181029 151350 2610000,2685.25,2692.25,2691.5,2686.0,18001
454266,20181029 151700 5890000,2684.25,2687.5,2686.0,2687.0,18002
462612,20181029 152101 9720000,2682.5,2687.25,2687.0,2685.0,18004
471219,20181029 152604 6010000,2683.75,2687.75,2685.0,2687.25,18001
479914,20181029 153142 7500000,2686.5,2689.25,2687.25,2688.25,18001
489104,20181029 153817 9600000,2684.5,2690.0,2688.25,2688.25,18002
498246,20181029 154422 9250000,2687.5,2694.25,2688.25,2693.0,18002
506759,20181029 155245 1600000,2690.5,2694.0,2693.0,2691.25,18007
515783,20181029 155711 2570000,2681.5,2691.75,2691.25,2681.75,18003
523742,20181029 160007 5350000,2677.5,2683.0,2681.75,2678.0,18001
531567,20181029 160322 2810000,2676.75,2680.5,2678.0,2677.25,18001
539516,20181029 160710 5190000,2674.0,2678.75,2677.25,2674.75,18002
546993,20181029 161007 2610000,2673.0,2676.75,2674.75,2673.0,18001
554243,20181029 161321 8860000,2671.5,2674.0,2673.0,2672.25,18003
561522,20181029 161622 4020000,2671.5,2676.5,2672.25,2676.25,18011
569677,20181029 162050 5780000,2672.75,2678.25,2676.25,2672.75,18001
577314,20181029 162312 1090000,2666.5,2673.25,2672.75,2667.0,18001
585219,20181029 162606 3510000,2666.25,2671.5,2667.0,2670.25,18004
593805,20181029 162953 9020000,2666.75,2671.75,2670.25,2671.0,18002
601986,20181029 163317 4840000,2666.75,2673.25,2671.0,2670.5,18001
610010,20181029 163731 2340000,2670.0,2676.25,2670.5,2675.25,18001
618305,20181029 164211 2570000,2672.25,2677.75,2675.25,2677.25,18001
626447,20181029 164717 2810000,2677.0,2680.5,2677.25,2678.75,18005
635774,20181029 165208 6280000,2673.5,2679.25,2678.75,2674.0,18001
645020,20181029 165657 3860000,2667.5,2676.75,2674.0,2668.75,18003
654331,20181029 170157 7260000,2668.25,2676.5,2668.75,2676.25,18001
662335,20181029 170404 4370000,2675.25,2681.25,2676.25,2680.75,18002
671110,20181029 170925 6170000,2678.5,2682.5,2680.75,2682.25,18001
679253,20181029 171358 7690000,2678.5,2683.5,2682.25,2680.25,18001
687012,20181029 171829 7610000,2676.25,2681.0,2680.25,2676.5,18018
694825,20181029 172331 5580000,2675.5,2679.5,2676.5,2676.25,18001
702908,20181029 172817 8980000,2673.0,2677.5,2676.25,2674.75,18001
711419,20181029 173322 3080000,2672.25,2679.5,2674.75,2678.75,18006
720465,20181029 174002 1010000,2676.0,2681.5,2678.75,2678.25,18006
729367,20181029 174507 2100000,2673.5,2680.0,2678.25,2679.25,18001
737730,20181029 174908 9530000,2674.0,2681.75,2679.25,2675.5,18013
744800,20181029 175224 2920000,2674.75,2681.75,2675.5,2680.5,18004
751617,20181029 175455 8470000,2678.0,2683.25,2680.5,2679.5,18043
760683,20181029 180025 8160000,2673.25,2680.5,2679.5,2674.0,18005
768990,20181029 180356 6750000,2668.0,2674.5,2674.0,2669.5,18001
778018,20181029 180915 8040000,2668.25,2673.5,2669.5,2668.75,18001
785614,20181029 181029 0780000,2661.0,2671.0,2668.75,2661.75,18003
793187,20181029 181130 4640000,2660.5,2668.5,2661.75,2665.0,18002
802246,20181029 181407 7180000,2660.5,2665.5,2665.0,2661.25,18039
810030,20181029 181612 5230000,2659.25,2663.0,2661.5,2659.25,18004
817419,20181029 181732 4290000,2656.25,2660.25,2659.25,2660.0,18001
826097,20181029 182046 3670000,2658.0,2662.5,2660.0,2661.5,18001
836047,20181029 182537 6320000,2656.75,2662.5,2661.5,2660.75,18001
845661,20181029 183027 2500000,2655.25,2663.5,2660.75,2656.5,18001
854383,20181029 183401 6750000,2652.5,2658.5,2656.5,2654.0,18005
862326,20181029 183730 8040000,2652.0,2658.25,2654.0,2656.0,18006
871405,20181029 184234 1480000,2652.75,2661.25,2656.0,2661.25,18001
879689,20181029 184642 2030000,2659.25,2663.0,2661.25,2660.5,18005
886666,20181029 184922 3780000,2654.0,2660.75,2660.5,2654.25,18002
894356,20181029 185219 6250000,2649.0,2655.25,2654.25,2649.25,18001
902103,20181029 185546 3160000,2647.0,2650.0,2649.25,2649.25,18004
910541,20181029 185913 5030000,2647.5,2654.0,2649.25,2648.0,18011
918382,20181029 190122 2850000,2643.5,2651.0,2648.0,2644.5,18002
926234,20181029 190353 4250000,2641.5,2647.5,2644.5,2641.75,18007
934048,20181029 190611 1670000,2638.5,2643.75,2641.75,2638.75,18002
941263,20181029 190817 7340000,2637.25,2641.0,2638.75,2637.75,18001
948825,20181029 191023 1640000,2636.25,2640.5,2637.75,2640.5,18001
956715,20181029 191308 1170000,2634.75,2640.5,2640.5,2635.5,18032
963438,20181029 191407 3160000,2630.25,2635.5,2635.5,2632.25,18002
970632,20181029 191543 6520000,2626.25,2632.5,2632.25,2627.0,18001
977607,20181029 191704 5390000,2624.5,2629.75,2627.0,2628.25,18002
984921,20181029 191828 1710000,2627.25,2635.0,2628.25,2633.0,18020
992975,20181029 192050 2530000,2631.0,2635.5,2633.0,2631.25,18001
1000265,20181029 192227 3080000,2625.75,2631.5,2631.25,2631.0,18001
1008002,20181029 192445 4880000,2630.0,2635.25,2631.0,2633.75,18004
1016063,20181029 192703 5150000,2631.5,2636.25,2633.75,2635.5,18001
1024845,20181029 192946 5000000,2628.25,2635.5,2635.5,2630.5,18002
1033108,20181029 193147 5850000,2623.75,2631.5,2630.5,2623.75,18012
1040781,20181029 193309 7810000,2621.25,2625.0,2623.75,2625.0,18001
1048774,20181029 193511 3200000,2621.5,2629.0,2625.0,2624.25,18001
1056524,20181029 193710 3940000,2620.0,2626.75,2624.25,2620.0,18014
1065343,20181029 193937 6440000,2618.75,2622.75,2620.0,2620.25,18001
1073226,20181029 194122 9020000,2614.25,2622.5,2620.25,2615.0,18002
1081016,20181029 194231 7920000,2611.25,2616.25,2615.0,2611.5,18004
1088416,20181029 194327 4600000,2608.5,2613.25,2611.5,2611.25,18001
1095463,20181029 194427 5540000,2604.0,2611.25,2611.25,2604.25,18001
1103025,20181029 194510 7420000,2603.0,2608.75,2604.25,2608.25,18003
1111141,20181029 194604 0540000,2608.0,2616.75,2608.5,2615.75,18009
1118897,20181029 194717 8200000,2615.5,2622.0,2615.75,2621.5,18005
1126554,20181029 194819 1480000,2618.75,2623.75,2621.5,2623.0,18001
1134426,20181029 194915 4290000,2621.75,2632.25,2623.0,2630.25,18003
1142448,20181029 195019 5420000,2626.5,2635.25,2630.25,2634.5,18005
1149510,20181029 195104 6830000,2631.5,2635.25,2634.5,2632.25,18002
1158544,20181029 195253 5890000,2629.0,2635.25,2632.25,2634.0,18007
1166673,20181029 195413 3630000,2631.25,2637.25,2634.0,2631.5,18001
1174342,20181029 195523 8200000,2630.5,2638.0,2631.5,2632.25,18002
1182184,20181029 195641 6750000,2631.0,2639.5,2632.25,2639.0,18003
1189407,20181029 195725 2850000,2638.75,2642.75,2639.0,2641.25,18018
1197195,20181029 195838 1400000,2637.25,2642.5,2641.25,2637.5,18001
1203633,20181029 195927 7380000,2637.25,2641.25,2637.5,2639.75,18004
1208598,20181029 195953 3820000,2638.75,2642.25,2639.75,2640.75,18008
1213053,20181029 200000 0150000,2640.5,2643.25,2640.75,2642.25,18001
1219224,20181029 200021 6750000,2638.75,2644.5,2642.25,2640.0,18001
1226496,20181029 200212 0970000,2638.0,2641.5,2640.0,2638.0,18068
1233610,20181029 200508 8670000,2637.25,2641.5,2638.0,2638.5,18002
1241476,20181029 201153 6320000,2638.25,2644.25,2638.5,2642.5,18009
1247684,20181029 203813 0740000,2639.75,2645.75,2642.5,2639.75,18004
1255862,20181029 230142 1360000,2636.25,2641.75,2639.75,2639.75,18001
1267340,20181030 002654 8120000,2638.0,2647.75,2639.75,2647.25,18001
1278374,20181030 011410 6010000,2646.75,2655.0,2647.5,2650.75,18010
1289614,20181030 014818 3550000,2646.5,2656.75,2650.75,2650.75,18001
1302219,20181030 024711 2140000,2647.75,2658.0,2650.75,2656.75,18001
1314489,20181030 043345 1250000,2654.25,2664.0,2656.75,2663.75,18001
1327523,20181030 065212 3860000,2653.5,2664.25,2663.75,2655.0,18001
1338064,20181030 080020 9370000,2655.0,2662.0,2655.0,2657.5,18002
1348561,20181030 083605 4720000,2653.75,2662.5,2657.75,2658.75,18001
1358630,20181030 091303 6830000,2650.5,2659.0,2658.75,2651.0,18057
1368484,20181030 093650 8040000,2642.75,2651.75,2651.0,2648.25,18002
1378979,20181030 102052 4060000,2648.25,2656.5,2648.25,2656.0,18001
1389399,20181030 111611 3390000,2648.0,2656.5,2656.0,2653.25,18001
1399051,20181030 120252 6480000,2651.0,2659.5,2653.25,2659.25,18002
1407330,20181030 122645 0930000,2655.25,2661.0,2659.5,2656.5,18008
1416321,20181030 124832 1520000,2651.5,2657.75,2656.5,2651.5,18003
1425278,20181030 130200 0970000,2644.5,2652.25,2651.5,2645.0,18001
1433720,20181030 130937 4920000,2640.25,2645.0,2645.0,2642.0,18012
1442087,20181030 131547 9720000,2634.25,2642.25,2642.0,2634.25,18035
1449613,20181030 132031 5850000,2633.25,2639.0,2634.25,2638.0,18001
1457892,20181030 132850 0620000,2636.25,2642.75,2638.25,2641.0,18001
1465013,20181030 133037 6640000,2637.0,2642.5,2640.75,2637.5,18002
1473097,20181030 133145 9170000,2635.75,2642.75,2637.5,2642.5,18002
1481968,20181030 133327 1520000,2639.5,2646.0,2642.5,2645.25,18001
1491596,20181030 133519 0420000,2640.0,2645.75,2645.25,2645.25,18002
1501052,20181030 133718 3630000,2639.25,2647.25,2645.25,2639.5,18010
1510406,20181030 133905 0230000,2637.0,2647.0,2639.5,2645.0,18002
1519253,20181030 134046 0580000,2642.0,2649.75,2645.0,2649.25,18002
1527515,20181030 134145 6360000,2648.25,2656.75,2649.25,2656.25,18001
1536297,20181030 134346 1130000,2651.5,2656.5,2656.25,2652.5,18001
1545261,20181030 134540 9410000,2649.25,2655.0,2652.5,2651.75,18001
1552928,20181030 134731 3780000,2648.5,2653.5,2651.75,2651.0,18001
1561913,20181030 135012 6130000,2649.5,2656.0,2651.0,2655.0,18002
1570049,20181030 135211 3820000,2655.0,2660.75,2655.0,2657.5,18001
1579167,20181030 135433 9250000,2657.25,2665.5,2657.5,2664.75,18001
1587651,20181030 135632 7960000,2664.0,2667.75,2664.75,2667.5,18005
1594895,20181030 135827 7850000,2666.5,2675.25,2667.5,2674.75,18001
1602482,20181030 140038 2810000,2671.25,2675.0,2674.75,2671.5,18001
1611139,20181030 140255 4720000,2666.0,2673.0,2671.5,2667.0,18007
1620388,20181030 140622 9680000,2666.0,2669.0,2667.0,2668.0,18001
1630531,20181030 141007 3320000,2664.0,2670.75,2668.0,2666.0,18001
1639953,20181030 141320 1600000,2661.0,2666.75,2666.25,2661.25,18002
1649045,20181030 141603 9370000,2661.0,2668.25,2661.25,2667.5,18002
1656889,20181030 141752 4060000,2664.0,2671.0,2667.5,2666.25,18001
1665664,20181030 142113 0000000,2665.0,2672.0,2666.25,2667.75,18002
1674782,20181030 142450 6440000,2666.0,2670.25,2667.75,2668.25,18002
1683358,20181030 142814 3120000,2662.0,2669.5,2668.25,2662.75,18003
1691596,20181030 143117 0890000,2661.0,2665.0,2662.75,2662.25,18001
1701836,20181030 143523 7420000,2658.0,2666.75,2662.25,2658.0,18001
1711055,20181030 143743 6670000,2652.25,2658.75,2658.0,2652.75,18001
1720376,20181030 144121 3940000,2651.25,2655.0,2652.75,2653.25,18001
1729365,20181030 144431 3820000,2647.25,2654.5,2653.25,2647.5,18003
1738289,20181030 144728 4840000,2646.5,2650.5,2647.5,2649.75,18001
1747224,20181030 145004 7690000,2649.75,2655.0,2649.75,2654.75,18019
1755885,20181030 145246 0970000,2650.75,2656.75,2654.75,2652.25,18002
1764771,20181030 145523 0930000,2646.75,2653.0,2652.5,2650.0,18001
1774319,20181030 145848 4840000,2647.25,2654.5,2650.0,2650.25,18002
1783652,20181030 150137 2500000,2645.5,2652.5,2650.25,2647.0,18002
1793055,20181030 150511 6560000,2646.75,2654.5,2647.0,2651.0,18001
1802365,20181030 150905 2920000,2650.5,2659.75,2651.0,2659.75,18001
1811662,20181030 151348 7960000,2651.25,2659.75,2659.5,2653.0,18002
1820902,20181030 151738 3900000,2647.75,2653.5,2653.0,2651.5,18002
1830815,20181030 152135 8750000,2649.25,2658.25,2651.5,2652.5,18004
1839629,20181030 152505 9720000,2650.5,2657.0,2652.5,2653.75,18002
1848953,20181030 152901 5110000,2653.5,2663.25,2653.75,2662.75,18005
1858014,20181030 153234 6280000,2661.0,2665.0,2662.75,2664.25,18001
1866914,20181030 153625 2650000,2663.25,2667.75,2664.25,2667.25,18003
1875980,20181030 154050 9490000,2662.75,2669.25,2667.25,2663.25,18001
1885747,20181030 154707 9210000,2663.0,2667.5,2663.25,2666.0,18001
1894289,20181030 155037 1050000,2665.5,2673.75,2666.0,2672.5,18002
1903735,20181030 155507 5000000,2663.75,2672.75,2672.5,2663.75,18002
1912482,20181030 155911 7260000,2661.5,2664.75,2663.75,2662.5,18002
1921425,20181030 160300 4530000,2658.5,2664.5,2662.5,2659.25,18008
1931172,20181030 160904 1710000,2658.75,2668.25,2659.25,2665.5,18001
1940595,20181030 161409 0000000,2660.5,2666.25,2665.5,2662.0,18001
1948849,20181030 161641 2300000,2657.25,2663.5,2662.0,2658.5,18002
1957646,20181030 162119 3820000,2657.25,2662.25,2658.5,2659.25,18008
1966027,20181030 162523 0270000,2658.5,2664.5,2659.25,2662.75,18001
1975851,20181030 163302 8040000,2657.25,2664.75,2662.75,2658.75,18005
1985625,20181030 164047 7650000,2655.75,2662.25,2658.75,2661.75,18003
1995552,20181030 164804 1670000,2657.5,2664.0,2661.75,2663.75,18001
2004983,20181030 165533 0390000,2657.75,2664.5,2663.75,2657.75,18002
2013798,20181030 165957 8780000,2651.25,2658.0,2657.75,2651.75,18001
2023071,20181030 170448 0390000,2648.75,2653.75,2651.75,2651.75,18001
2032813,20181030 171100 1320000,2650.5,2653.75,2651.75,2651.25,18003
2041436,20181030 171435 5970000,2644.75,2651.25,2651.0,2645.5,18001
2050094,20181030 171839 5230000,2644.25,2653.5,2645.5,2653.25,18001
2059654,20181030 172423 6640000,2648.5,2655.75,2653.25,2648.5,18003
2069279,20181030 172908 0850000,2645.75,2651.5,2648.5,2646.5,18010
2077763,20181030 173255 5890000,2641.25,2647.5,2646.5,2641.5,18017
2085291,20181030 173611 6210000,2640.5,2643.75,2641.5,2642.75,18001
2094218,20181030 174039 1050000,2641.5,2648.75,2642.75,2648.0,18001
2102724,20181030 174534 7420000,2646.5,2654.5,2648.0,2653.75,18001
2111567,20181030 175131 8590000,2650.0,2655.75,2653.75,2652.5,18001
2120324,20181030 175853 0500000,2651.0,2655.25,2652.25,2652.5,18001
2128842,20181030 180215 6710000,2652.5,2660.5,2652.5,2656.5,18005
2138351,20181030 180743 1130000,2650.0,2657.0,2656.5,2650.0,18002
2147078,20181030 181140 7100000,2646.0,2651.25,2650.0,2649.25,18001
2156246,20181030 181743 6790000,2647.0,2652.5,2649.25,2651.25,18002
2163798,20181030 182128 0390000,2648.0,2651.5,2651.25,2650.75,18024
2172632,20181030 182612 0660000,2650.75,2656.75,2650.75,2653.25,18014
2182105,20181030 183122 1560000,2647.5,2656.5,2653.25,2651.0,18001
2190950,20181030 183551 9250000,2650.5,2657.5,2651.0,2655.0,18001
2200158,20181030 184207 0230000,2652.0,2657.5,2655.0,2654.5,18002
2210507,20181030 185000 4570000,2650.5,2656.0,2654.5,2655.0,18002
2219630,20181030 185241 8470000,2654.5,2665.25,2655.0,2664.0,18005
2228876,20181030 185736 3860000,2661.0,2666.75,2664.0,2666.75,18002
2235814,20181030 185909 3750000,2666.5,2671.0,2666.75,2670.0,18002
2244904,20181030 190225 4410000,2661.5,2670.25,2670.0,2662.0,18001
2252998,20181030 190611 4020000,2659.25,2664.0,2662.25,2663.25,18002
2262358,20181030 191037 2770000,2662.25,2669.5,2663.25,2669.0,18003
2270231,20181030 191303 7380000,2669.0,2676.0,2669.0,2675.75,18001
2279745,20181030 191738 4880000,2669.75,2675.75,2675.5,2670.25,18002
2289271,20181030 192143 3430000,2666.25,2672.75,2670.25,2668.5,18008
2298810,20181030 192633 4290000,2667.75,2674.5,2668.5,2673.25,18004
2306047,20181030 192845 7300000,2672.25,2679.0,2673.25,2678.75,18007
2314668,20181030 193132 0270000,2672.75,2679.0,2678.75,2676.0,18001
2323703,20181030 193424 3350000,2673.5,2677.75,2676.0,2677.0,18003
2331826,20181030 193718 5000000,2675.25,2679.75,2677.0,2678.25,18001
2339883,20181030 194021 8710000,2672.5,2678.75,2678.25,2674.5,18001
2348198,20181030 194444 5620000,2673.5,2678.0,2674.5,2675.0,18001
2355448,20181030 194852 3040000,2673.5,2679.75,2675.0,2679.5,18003
2361883,20181030 195100 8080000,2677.5,2683.25,2679.75,2682.75,18001
2368347,20181030 195402 1480000,2681.75,2684.25,2682.75,2683.75,18001
2375110,20181030 195634 5350000,2681.25,2684.75,2683.75,2683.25,18001
2382126,20181030 195841 5820000,2682.5,2686.25,2683.25,2685.25,18001
2387951,20181030 195924 9680000,2682.0,2686.5,2685.25,2683.0,18002
2391993,20181030 195949 0000000,2681.5,2684.5,2683.0,2684.25,18004
2395246,20181030 195958 0460000,2683.25,2684.75,2684.25,2683.5,18038
2397982,20181030 200000 2420000,2682.25,2684.0,2683.5,2682.75,18003
2402816,20181030 200049 0110000,2682.5,2685.5,2682.75,2682.5,18001
2409114,20181030 200513 2920000,2681.25,2684.25,2682.5,2681.25,18023
2417423,20181030 200733 9600000,2681.25,2689.0,2681.25,2684.25,18003
2424856,20181030 201315 5620000,2682.0,2685.5,2684.25,2685.5,18001
2431318,20181030 203751 7650000,2684.25,2690.25,2685.5,2687.75,18001
2440826,20181030 232426 8900000,2685.75,2691.75,2687.75,2688.0,18001
2448889,20181031 002652 2610000,2682.75,2689.5,2688.0,2683.5,18005
2458637,20181031 011736 0420000,2682.0,2690.75,2683.5,2689.0,18001
2467952,20181031 021102 4290000,2687.75,2692.5,2689.0,2688.75,18003
2477381,20181031 034136 4680000,2685.0,2690.25,2688.75,2688.75,18001
2489695,20181101 062703 9450000,2688.75,2721.25,2688.75,2708.5,18001
2501016,20181101 075601 5110000,2707.25,2714.25,2708.5,2709.0,18079
2511644,20181101 082336 4680000,2708.5,2717.0,2709.0,2715.75,18001
2521603,20181101 090441 1400000,2715.25,2721.25,2715.75,2721.0,18001
2531294,20181101 100013 6480000,2716.75,2723.25,2721.0,2723.25,18001
2540679,20181101 105036 3390000,2721.0,2726.0,2723.25,2726.0,18001
2550515,20181101 114459 1400000,2722.25,2727.25,2726.25,2723.75,18001
2559596,20181101 123009 2690000,2718.5,2724.75,2723.75,2721.0,18005
2567209,20181101 124750 5190000,2715.5,2721.25,2721.0,2717.0,18003
2576994,20181101 131347 3670000,2715.0,2719.5,2717.0,2719.25,18008
2585581,20181101 133015 6050000,2718.25,2721.0,2719.25,2719.5,18005
2593667,20181101 133148 6440000,2718.25,2723.0,2719.25,2721.5,18001
2602412,20181101 133403 5000000,2719.25,2723.25,2721.5,2722.5,18001
2611760,20181101 133640 3510000,2721.75,2724.25,2722.5,2722.75,18001
2622053,20181101 134041 9330000,2722.5,2726.0,2722.75,2723.5,18001
2631445,20181101 134351 5620000,2720.5,2723.75,2723.5,2721.25,18003
2640263,20181101 134630 9290000,2717.5,2722.25,2721.25,2717.75,18001
2649516,20181101 134824 7030000,2713.75,2717.75,2717.75,2715.5,18001
2658543,20181101 135009 7460000,2712.5,2717.25,2715.5,2712.75,18001
2667270,20181101 135155 5780000,2712.0,2718.5,2712.75,2718.5,18072
2676467,20181101 135441 7610000,2717.5,2722.75,2718.5,2722.25,18001
2685414,20181101 135828 1870000,2716.75,2723.25,2722.25,2717.25,18023
2693107,20181101 140108 2530000,2712.0,2718.25,2717.25,2713.5,18001
2700434,20181101 140228 8120000,2711.0,2715.5,2713.5,2713.75,18006
2708577,20181101 140452 2850000,2712.0,2717.75,2713.75,2712.5,18004
2717732,20181101 140814 7100000,2711.25,2715.25,2712.75,2712.5,18002
2725788,20181101 140924 4250000,2707.75,2714.5,2712.25,2712.5,18002
2734377,20181101 141036 9530000,2712.5,2718.5,2712.5,2717.0,18002
2743506,20181101 141215 5420000,2717.0,2723.75,2717.0,2723.25,18005
2751772,20181101 141416 8280000,2722.5,2725.5,2723.25,2723.5,18010
2760058,20181101 141706 8430000,2721.0,2724.75,2723.5,2722.5,18005
2769331,20181101 142048 2340000,2715.75,2722.75,2722.5,2715.75,18001
2777989,20181101 142436 0970000,2715.75,2720.75,2715.75,2720.75,18001
2785894,20181101 142801 8080000,2720.0,2724.0,2720.75,2721.5,18003
2794944,20181101 143234 3320000,2720.0,2724.75,2721.5,2723.0,18002
2802484,20181101 143411 8670000,2722.75,2730.0,2723.0,2729.0,18001
2809760,20181101 143702 1830000,2727.0,2731.0,2729.0,2731.0,18008
2817621,20181101 144034 4960000,2727.75,2731.25,2731.0,2728.25,18002
2826087,20181101 144424 1010000,2725.25,2728.5,2728.25,2728.0,18001
2835044,20181101 144945 5150000,2727.25,2730.25,2728.0,2729.75,18001
2843423,20181101 145401 5390000,2728.75,2732.25,2729.75,2729.75,18002
2851874,20181101 145938 5580000,2726.25,2730.25,2729.75,2729.25,18001
2860557,20181101 150300 5190000,2726.75,2732.25,2729.25,2727.5,18002
2869172,20181101 150617 7960000,2724.5,2730.75,2727.5,2730.25,18001
2877429,20181101 150947 7140000,2725.0,2731.0,2730.5,2726.75,18001
2885630,20181101 151329 2690000,2726.0,2731.75,2726.75,2730.75,18002
2894264,20181101 151836 0850000,2727.0,2731.5,2730.75,2731.0,18003
2903002,20181101 152312 3320000,2729.75,2734.0,2731.0,2733.5,18005
2911735,20181101 152834 0740000,2731.5,2734.5,2733.5,2733.0,18001
2920143,20181101 153301 0070000,2730.5,2734.75,2733.0,2731.75,18004
2928096,20181101 153844 4600000,2728.5,2732.0,2731.75,2732.0,18001
2936293,20181101 154448 1440000,2729.75,2733.25,2732.0,2731.5,18004
2944518,20181101 155018 8080000,2728.0,2733.5,2731.5,2731.75,18001
2952474,20181101 155555 6640000,2728.25,2734.0,2731.75,2733.0,18001
2960714,20181101 160213 5420000,2727.0,2733.25,2733.0,2727.5,18001
2968340,20181101 160923 5110000,2726.75,2733.25,2727.5,2732.75,18004
2976874,20181101 161757 5500000,2727.0,2732.75,2732.75,2727.5,18001
2985293,20181101 162328 9140000,2725.75,2728.0,2727.5,2727.5,18002
2993580,20181101 163057 8590000,2725.5,2730.25,2727.5,2730.25,18002
3001097,20181101 163726 8470000,2728.25,2731.75,2730.25,2729.0,18004
3009145,20181101 164615 3430000,2727.25,2731.0,2729.0,2727.25,18003
3016751,20181101 165543 3160000,2727.0,2732.75,2727.25,2732.0,18001
3024935,20181101 170426 2070000,2731.0,2734.75,2732.0,2732.5,18001
3033138,20181101 171415 2300000,2729.0,2734.0,2732.5,2732.5,18001
3040979,20181101 172500 1750000,2730.75,2734.25,2732.5,2733.75,18006
3048868,20181101 173245 9410000,2733.5,2736.5,2733.75,2734.25,18003
3058367,20181101 174600 7650000,2732.5,2735.75,2734.25,2734.75,18001
3065975,20181101 174927 6600000,2730.5,2736.5,2734.75,2732.0,18001
3074830,20181101 175929 0150000,2730.5,2734.25,2732.0,2732.0,18095
3083215,20181101 180708 8200000,2728.75,2732.75,2732.0,2729.0,18001
3090765,20181101 181543 7220000,2728.25,2730.75,2729.0,2730.25,18093
3099936,20181101 182853 4140000,2730.0,2735.5,2730.25,2733.25,18001
3108386,20181101 183826 3710000,2729.75,2734.75,2733.25,2730.0,18001
3117239,20181101 184939 8390000,2729.75,2734.25,2730.0,2734.0,18002
3126189,20181101 190014 6320000,2732.25,2736.25,2734.0,2734.5,18003
3134758,20181101 190853 3980000,2731.5,2735.0,2734.5,2732.25,18001
3143129,20181101 191828 5580000,2732.25,2736.0,2732.25,2734.25,18033
3151114,20181101 192739 0030000,2732.5,2735.5,2734.25,2734.5,18005
3158858,20181101 193241 9170000,2734.0,2737.25,2734.5,2734.5,18001
3166809,20181101 194035 0310000,2733.25,2737.0,2734.5,2736.5,18002
3174041,20181101 194402 1280000,2735.25,2740.25,2736.5,2740.25,18001
3181432,20181101 194745 9410000,2737.75,2741.25,2740.25,2738.25,18001
3188446,20181101 195254 9170000,2738.0,2741.25,2738.25,2740.5,18030
3195363,20181101 195531 2570000,2738.0,2741.25,2740.5,2740.0,18007
3201368,20181101 195804 0890000,2737.75,2741.0,2739.75,2738.0,18001
3206556,20181101 195905 2340000,2736.75,2738.25,2738.0,2737.5,18003
3210834,20181101 195938 5580000,2737.5,2740.25,2737.5,2739.0,18003
3214383,20181101 195954 5780000,2738.5,2740.75,2739.0,2740.75,18001
3217270,20181101 195959 7890000,2738.5,2740.75,2740.75,2739.25,18001
3221163,20181101 200010 3040000,2735.5,2739.25,2739.25,2736.5,18002
3227173,20181101 200319 9570000,2736.0,2738.75,2736.5,2736.75,18002
3233083,20181101 201319 6670000,2736.5,2738.5,2736.75,2738.0,18002
3238482,20181101 203139 6990000,2730.5,2739.0,2738.0,2731.25,18002
3246845,20181101 204426 9490000,2725.75,2733.25,2731.25,2731.75,18001
3255630,20181101 223027 2610000,2722.75,2734.0,2731.75,2726.75,18001
3266616,20181102 001219 7500000,2726.5,2737.25,2726.75,2736.5,18007
3278531,20181102 013001 4140000,2732.25,2740.5,2736.5,2735.75,18001
3290744,20181102 042907 1750000,2729.75,2736.0,2735.75,2730.75,18002
3301592,20181102 045616 6280000,2730.5,2749.5,2730.75,2749.5,18024
3312467,20181102 052528 2650000,2747.0,2756.0,2749.5,2753.5,18001
3323096,20181102 062013 8590000,2752.0,2758.5,2753.5,2758.25,18003
3332291,20181102 070000 9490000,2756.5,2764.0,2758.25,2758.5,18001
3341960,20181102 073909 6090000,2756.25,2764.25,2758.5,2763.0,18001
3350847,20181102 080941 0970000,2758.75,2763.5,2763.0,2760.0,18015
3360343,20181102 083738 0850000,2758.75,2764.25,2760.0,2761.0,18001
3369771,20181102 092149 4490000,2756.25,2761.5,2761.0,2756.75,18001
3378171,20181102 095641 5390000,2754.5,2760.25,2756.75,2756.0,18010
3387755,20181102 104822 9680000,2753.75,2759.75,2756.0,2759.0,18001
3396927,20181102 112636 2380000,2756.75,2762.5,2759.0,2761.75,18005
3404476,20181102 114818 4170000,2761.5,2764.75,2761.75,2764.0,18001
3413379,20181102 121202 3510000,2758.25,2766.25,2764.25,2759.25,18001
3421648,20181102 121737 1010000,2755.5,2761.0,2759.25,2756.5,18001
3429975,20181102 122805 9450000,2753.75,2757.75,2756.5,2757.0,18001
3438413,20181102 123538 0270000,2751.0,2759.75,2757.0,2751.75,18008
3447192,20181102 124807 7650000,2751.0,2754.25,2751.75,2754.0,18006
3455150,20181102 130011 0890000,2754.0,2758.5,2754.0,2755.75,18001
3463644,20181102 130906 2460000,2747.75,2757.25,2755.75,2750.0,18001
3471024,20181102 131523 9330000,2744.5,2750.0,2750.0,2748.5,18002
3478976,20181102 132730 0110000,2746.0,2750.5,2748.5,2750.0,18002
3486454,20181102 133034 1280000,2749.75,2752.5,2750.0,2750.25,18001
3494516,20181102 133205 3860000,2746.75,2751.25,2750.25,2748.0,18001
3502617,20181102 133339 8980000,2747.75,2750.75,2748.0,2748.5,18001
3510417,20181102 133524 7690000,2748.0,2752.5,2748.5,2748.0,18003
3518052,20181102 133702 0930000,2746.25,2753.5,2748.0,2751.5,18033
3525713,20181102 133901 7960000,2749.5,2753.0,2751.5,2752.5,18001
3534654,20181102 134208 4140000,2751.5,2754.75,2752.5,2754.25,18001
3543573,20181102 134545 7690000,2753.25,2756.5,2754.25,2755.25,18006
3552288,20181102 134926 8160000,2753.0,2755.75,2755.25,2754.0,18001
3561706,20181102 135313 6710000,2748.5,2755.0,2754.0,2750.0,18001
3571360,20181102 135745 1790000,2746.25,2751.5,2750.0,2746.5,18002
3579750,20181102 140113 1750000,2746.0,2749.5,2746.5,2746.5,18001
3587403,20181102 140253 6560000,2744.0,2747.75,2746.5,2744.75,18001
3595947,20181102 140541 7610000,2742.5,2745.25,2744.75,2742.75,18001
3603495,20181102 140842 4760000,2741.5,2744.5,2742.75,2744.5,18008
3613088,20181102 141301 4330000,2742.0,2747.25,2744.5,2745.5,18001
3622039,20181102 141643 6990000,2741.75,2746.75,2745.5,2742.75,18010
3631015,20181102 142023 5230000,2742.75,2747.75,2742.75,2746.75,18009
3639488,20181102 142323 5740000,2741.0,2746.75,2746.75,2741.0,18001
3648032,20181102 142602 7570000,2739.5,2742.75,2741.0,2740.5,18003
3656584,20181102 142908 6360000,2738.0,2743.5,2740.5,2739.25,18002
3664647,20181102 143115 8710000,2733.5,2739.5,2739.25,2735.75,18012
3673714,20181102 143429 3430000,2732.0,2736.25,2735.75,2732.25,18004
3682397,20181102 143742 8550000,2729.5,2733.25,2732.25,2731.75,18008
3691068,20181102 144024 6440000,2724.5,2732.5,2731.75,2724.5,18001
3699766,20181102 144247 7100000,2721.75,2727.0,2724.75,2726.75,18032
3708269,20181102 144521 8350000,2725.5,2729.0,2726.75,2728.0,18005
3716932,20181102 144806 4680000,2727.0,2729.75,2728.0,2727.5,18002
3725869,20181102 145138 6050000,2726.0,2730.75,2727.25,2728.75,18001
3733843,20181102 145447 6750000,2728.25,2731.75,2728.75,2729.25,18001
3742446,20181102 145719 2730000,2726.75,2732.0,2729.25,2730.75,18001
3751034,20181102 150026 5190000,2730.75,2734.25,2730.75,2731.0,18001
3760040,20181102 150429 2100000,2727.0,2732.75,2731.0,2727.25,18001
3769469,20181102 150732 8390000,2723.25,2727.5,2727.25,2725.5,18001
3778873,20181102 151101 8280000,2724.5,2732.75,2725.5,2731.75,18006
3788166,20181102 151504 9140000,2723.75,2732.0,2731.75,2724.75,18007
3797103,20181102 151753 8200000,2721.5,2727.75,2724.75,2724.5,18002
3806137,20181102 152053 0420000,2718.25,2724.75,2724.5,2719.0,18001
3815138,20181102 152342 2500000,2717.5,2722.5,2719.0,2721.75,18001
3823910,20181102 152647 5190000,2719.0,2724.0,2721.75,2719.25,18001
3832951,20181102 152934 7070000,2717.5,2723.0,2719.25,2720.0,18006
3842327,20181102 153400 1050000,2720.0,2726.25,2720.0,2724.5,18002
3850726,20181102 153737 3040000,2718.0,2724.5,2724.5,2720.75,18001
3860269,20181102 154329 3780000,2719.25,2724.0,2720.75,2720.0,18001
3869646,20181102 154819 2070000,2715.75,2721.0,2720.0,2715.75,18001
3879333,20181102 155413 6480000,2715.25,2720.25,2715.75,2719.25,18001
3888728,20181102 155943 4140000,2717.25,2722.75,2719.25,2721.75,18004
3897646,20181102 160346 0070000,2719.5,2724.75,2721.75,2720.0,18002
3906766,20181102 160945 4720000,2717.0,2723.75,2720.0,2717.5,18002
3916787,20181102 161635 6250000,2715.75,2721.5,2717.5,2720.75,18001
3925509,20181102 162210 3630000,2717.25,2720.75,2720.75,2718.5,18027
3933842,20181102 162956 5890000,2716.5,2721.25,2718.5,2720.25,18001
3942082,20181102 163242 2650000,2713.0,2721.5,2720.25,2714.25,18041
3950916,20181102 163549 1520000,2711.5,2716.0,2714.0,2713.5,18001
3959165,20181102 163913 4330000,2708.5,2715.0,2713.75,2710.75,18001
3968799,20181102 164451 9450000,2709.5,2713.5,2710.75,2711.75,18002
3978115,20181102 164958 6990000,2707.75,2712.0,2711.75,2711.0,18007
3986745,20181102 165406 5030000,2706.0,2711.75,2711.0,2706.25,18003
3994441,20181102 165604 0930000,2701.5,2706.25,2706.25,2702.75,18004
4004227,20181102 170051 2570000,2701.25,2706.0,2702.75,2704.75,18001
4013367,20181102 170526 8590000,2699.5,2704.75,2704.75,2700.5,18022
4022403,20181102 171012 1090000,2700.0,2706.25,2700.5,2705.5,18001
4030526,20181102 171237 5890000,2704.5,2709.5,2705.5,2708.25,18002
4039559,20181102 171730 0500000,2707.5,2712.25,2708.25,2710.25,18001
4047942,20181102 172415 1440000,2709.5,2714.5,2710.25,2711.25,18007
4057241,20181102 173108 8710000,2709.5,2713.5,2711.25,2712.5,18001
4066876,20181102 174146 2030000,2708.5,2713.5,2712.5,2711.5,18001
4075443,20181102 174656 8670000,2711.25,2717.0,2711.5,2714.75,18002
4083787,20181102 175245 2180000,2712.25,2717.5,2714.75,2713.5,18001
4093010,20181102 180221 1830000,2710.25,2714.75,2713.5,2711.0,18005
4102128,20181102 181042 1210000,2705.5,2711.75,2711.0,2706.0,18007
4111285,20181102 182019 9640000,2704.0,2709.0,2706.0,2707.25,18001
4120503,20181102 182802 4410000,2704.25,2713.5,2707.25,2713.25,18002
4128697,20181102 182903 8590000,2712.75,2722.25,2713.25,2721.5,18001
4136448,20181102 182946 3940000,2718.0,2727.75,2721.5,2727.5,18001
4145153,20181102 183041 3630000,2718.75,2728.0,2727.75,2719.0,18004
4153644,20181102 183221 6360000,2716.5,2720.25,2719.0,2718.5,18014
4161439,20181102 183427 1520000,2717.25,2725.25,2718.5,2722.5,18009
4169912,20181102 183642 6520000,2716.0,2723.25,2722.5,2716.25,18088
4179172,20181102 184110 3710000,2715.0,2718.75,2716.25,2716.5,18001
4188686,20181102 184700 7730000,2716.0,2721.0,2716.5,2717.0,18002
4198369,20181102 185454 2810000,2716.25,2720.25,2717.0,2719.5,18001
4207169,20181102 185945 7500000,2717.25,2720.75,2719.25,2717.75,18003
4217045,20181102 190329 5970000,2711.75,2721.5,2717.75,2712.5,18001
4227472,20181102 191101 9720000,2712.0,2719.25,2712.5,2718.75,18001
4236368,20181102 191431 5000000,2718.25,2724.75,2718.75,2722.0,18001
4245671,20181102 192006 2500000,2717.75,2723.0,2722.0,2721.0,18001
4255306,20181102 192650 0930000,2720.0,2725.0,2720.75,2722.25,18001
4263945,20181102 193149 1050000,2716.5,2723.25,2722.25,2719.0,18002
4272621,20181102 193853 9410000,2715.75,2720.75,2719.0,2719.75,18001
4280901,20181102 194408 1010000,2719.75,2723.75,2719.75,2722.5,18010
4289223,20181102 194927 8780000,2719.0,2723.5,2722.5,2721.75,18002
4297495,20181102 195402 2220000,2721.0,2724.5,2721.75,2721.75,18001
4303878,20181102 195607 6130000,2721.25,2724.75,2721.75,2722.0,18030
4309235,20181102 195731 1210000,2719.5,2722.0,2722.0,2719.5,18004
4314390,20181102 195853 8670000,2718.75,2720.75,2719.5,2719.75,18013
4319291,20181102 195936 9450000,2717.0,2720.0,2719.75,2718.0,18015
4323052,20181102 195956 0700000,2717.75,2720.25,2718.0,2720.25,18001
4325972,20181102 200000 1170000,2719.75,2722.5,2720.25,2721.75,18003
4331001,20181102 200035 9170000,2721.25,2724.75,2721.5,2724.0,18012
4337288,20181102 200258 7650000,2721.75,2724.5,2724.0,2723.0,18002
4344233,20181102 201232 3120000,2722.25,2724.5,2723.0,2723.0,18001
4350111,20181104 230006 0580000,2721.75,2724.75,2723.0,2722.0,18001
4362206,20181105 005234 1710000,2713.5,2722.5,2722.0,2716.25,18001
4374133,20181105 022333 9290000,2712.75,2719.5,2716.25,2716.75,18001
4387025,20181105 065004 4800000,2714.25,2719.75,2716.75,2719.0,18001
4395938,20181105 083034 2570000,2715.75,2719.5,2719.0,2718.75,18002
4405787,20181105 095329 2690000,2714.0,2719.5,2718.75,2719.5,18001
4413798,20181105 104829 7500000,2719.0,2723.0,2719.5,2721.0,18001
4421875,20181105 115122 1170000,2721.0,2727.0,2721.0,2726.75,18001
4429635,20181105 123652 1910000,2724.5,2729.5,2726.75,2725.75,18001
4438612,20181105 132129 1440000,2721.5,2727.0,2725.75,2722.75,18034
4447573,20181105 141436 2690000,2720.5,2726.75,2722.75,2724.25,18001
4454103,20181105 143016 4060000,2724.25,2728.75,2724.25,2728.0,18001
4462365,20181105 143232 3240000,2726.5,2729.75,2728.0,2727.25,18001
4471325,20181105 143449 9060000,2726.5,2732.25,2727.25,2731.5,18005
4480528,20181105 143749 2810000,2729.5,2733.25,2731.5,2731.25,18001
4490064,20181105 144202 4490000,2729.0,2731.25,2731.25,2729.5,18001
4499387,20181105 144530 0700000,2725.75,2730.0,2729.5,2726.0,18008
4508497,20181105 145020 4290000,2725.75,2728.5,2726.0,2728.25,18007
4517710,20181105 145620 5110000,2726.75,2729.75,2728.25,2728.0,18001
4526354,20181105 150208 1360000,2723.0,2728.5,2728.0,2723.0,18005
4535387,20181105 150635 1400000,2721.75,2724.75,2723.0,2723.25,18002
4544377,20181105 151051 6250000,2719.0,2724.25,2723.25,2720.25,18010
4552542,20181105 151400 9250000,2717.5,2720.25,2720.25,2719.0,18003
4561480,20181105 151939 4210000,2718.5,2721.0,2719.0,2720.0,18001
4569738,20181105 152354 6710000,2717.0,2720.75,2720.0,2718.0,18002
4577830,20181105 152811 4290000,2717.25,2722.0,2718.0,2722.0,18002
4585096,20181105 153032 7810000,2721.0,2724.75,2722.0,2724.5,18002
4592949,20181105 153402 8670000,2723.5,2727.75,2724.5,2725.75,18002
4601986,20181105 154059 6950000,2723.5,2727.0,2725.75,2724.5,18004
4610218,20181105 154531 8980000,2724.0,2728.25,2724.75,2726.0,18003
4619834,20181105 155237 1090000,2722.75,2726.5,2726.0,2726.5,18016
4628555,20181105 155853 4640000,2725.75,2731.5,2726.5,2731.25,18001
4636582,20181105 160325 5970000,2730.25,2733.25,2731.25,2731.0,18001
4645089,20181105 160938 9570000,2730.75,2734.25,2731.0,2731.0,18002
4653827,20181105 161757 7770000,2729.5,2732.0,2731.0,2731.25,18002
4662727,20181105 162635 7340000,2727.0,2731.5,2731.25,2728.0,18002
4670931,20181105 163500 6640000,2724.75,2728.25,2728.0,2726.0,18001
4680713,20181105 164640 2030000,2724.25,2729.0,2726.0,2726.75,18002
4689781,20181105 165621 2100000,2725.5,2731.5,2726.75,2729.75,18001
4698699,20181105 170731 5150000,2729.0,2732.5,2729.5,2729.0,18011
4707845,20181105 171911 0540000,2727.0,2730.5,2729.0,2727.75,18001
4716873,20181105 173220 3350000,2726.5,2731.25,2727.75,2728.75,18001
4726421,20181105 174656 7960000,2725.25,2729.25,2728.75,2725.5,18001
4735811,20181105 175955 7920000,2724.25,2727.0,2725.5,2726.25,18001
4744268,20181105 181513 1520000,2725.0,2728.0,2726.5,2727.75,18004
4751791,20181105 182407 7610000,2725.75,2729.25,2727.75,2729.25,18001
4761456,20181105 184054 3160000,2727.5,2732.0,2729.25,2731.25,18002
4770996,20181105 185835 0500000,2729.75,2733.75,2731.25,2732.75,18004
4780426,20181105 191511 2650000,2730.0,2733.25,2732.75,2732.5,18001
4788064,20181105 192031 8670000,2731.75,2738.25,2732.5,2738.25,18001
4795146,20181105 192347 1830000,2736.75,2740.0,2738.25,2739.25,18003
4801906,20181105 192649 8550000,2738.75,2740.5,2739.25,2739.25,18016
4808989,20181105 193115 2890000,2738.25,2740.5,2739.25,2739.5,18001
4817547,20181105 194153 8430000,2737.25,2739.75,2739.5,2739.5,18004
4825798,20181105 194905 8390000,2739.0,2743.75,2739.5,2740.75,18004
4834002,20181105 195727 1670000,2740.5,2743.75,2740.75,2742.0,18002
4842338,20181105 200604 1870000,2739.5,2742.5,2742.0,2742.0,18001
4850705,20181105 201457 2610000,2739.75,2743.25,2742.0,2742.5,18040
4858616,20181105 202155 6010000,2737.75,2742.5,2742.5,2738.25,18004
4865733,20181105 202512 4960000,2732.25,2738.5,2738.25,2733.75,18233
4873202,20181105 202933 7140000,2732.25,2736.75,2732.25,2736.25,18003
4881402,20181105 203622 3320000,2733.75,2737.75,2736.25,2737.5,18001
4889488,20181105 204512 5070000,2735.0,2737.75,2737.5,2737.0,18001
4897213,20181105 205157 4920000,2733.75,2737.5,2736.75,2735.75,18001
4904461,20181105 205557 7140000,2734.75,2739.25,2735.75,2738.75,18001
4910912,20181105 205820 2500000,2736.75,2740.25,2738.75,2737.5,18003
4916558,20181105 205940 0190000,2736.5,2738.0,2737.5,2737.25,18001
4920598,20181105 205958 6360000,2736.75,2738.5,2737.25,2737.25,18053
4924081,20181105 210003 8320000,2736.5,2738.75,2737.25,2738.25,18004
4930036,20181105 210314 4290000,2738.0,2740.75,2738.25,2740.0,18003
4935890,20181105 211444 6520000,2739.5,2741.75,2740.0,2739.5,18001
4944087,20181106 002253 7730000,2737.5,2742.75,2739.75,2741.25,18003
4956673,20181106 022701 2180000,2739.0,2745.75,2741.25,2740.0,18001
4969209,20181106 060114 4640000,2738.0,2743.5,2740.0,2743.25,18001
4980830,20181106 081008 1400000,2738.5,2746.5,2743.25,2738.75,18003
4991251,20181106 090903 4840000,2733.25,2739.25,2738.5,2736.25,18001
5002068,20181106 102000 7070000,2729.75,2738.5,2736.25,2735.5,18003
5013289,20181106 115627 0700000,2730.0,2736.0,2735.5,2733.75,18001
5021936,20181106 125959 7500000,2731.25,2736.0,2733.75,2734.75,18004
5032513,20181106 140033 0620000,2731.75,2735.0,2734.75,2734.75,18001
5041178,20181106 143011 7140000,2734.25,2737.25,2734.75,2736.25,18002
5049598,20181106 143201 3750000,2735.75,2740.75,2736.25,2740.75,18020
5059115,20181106 143427 2530000,2740.5,2742.5,2740.75,2742.25,18001
5068440,20181106 143648 5970000,2742.0,2745.25,2742.25,2743.5,18002
5077613,20181106 144019 1640000,2743.0,2747.5,2743.5,2746.75,18002
5086584,20181106 144331 1790000,2745.75,2748.75,2746.75,2747.0,18001
5095231,20181106 144713 0110000,2746.25,2749.25,2747.0,2748.5,18001
5103837,20181106 145027 9640000,2748.5,2751.25,2748.5,2749.5,18002
5112292,20181106 145519 7730000,2748.0,2750.5,2749.5,2750.0,18001
5121159,20181106 145951 6910000,2748.0,2751.75,2750.0,2749.25,18001
5129236,20181106 150410 6990000,2747.0,2750.0,2749.25,2748.75,18004
5137701,20181106 150911 1560000,2745.0,2748.75,2748.75,2746.5,18009
5145885,20181106 151433 4060000,2745.5,2747.75,2746.5,2747.25,18001
5154736,20181106 152037 9640000,2745.5,2749.25,2747.25,2747.25,18001
5163351,20181106 152718 8630000,2746.75,2750.0,2747.25,2748.0,18004
5171936,20181106 153437 3470000,2746.0,2748.5,2748.0,2747.75,18007
5180715,20181106 153924 9680000,2742.0,2748.5,2747.75,2742.75,18001
5188898,20181106 154438 1600000,2742.25,2747.5,2742.75,2747.25,18001
5196630,20181106 155018 3550000,2746.5,2749.0,2747.25,2748.25,18001
5204304,20181106 155558 5930000,2745.0,2748.5,2748.25,2747.25,18004
5213304,20181106 160343 4920000,2744.5,2748.25,2747.25,2744.75,18001
5221510,20181106 161021 3160000,2743.5,2747.5,2744.75,2743.5,18001
5228515,20181106 161429 1600000,2743.5,2750.75,2743.5,2750.5,18003
5236672,20181106 162117 5970000,2746.25,2751.25,2750.5,2746.25,18002
5244769,20181106 162937 5850000,2744.25,2748.0,2746.25,2746.5,18002
5253401,20181106 163751 7730000,2742.5,2747.25,2746.5,2745.5,18002
5261635,20181106 164806 4020000,2745.0,2747.5,2745.5,2747.0,18006
5269541,20181106 165723 7810000,2745.0,2748.75,2747.0,2746.75,18001
5277002,20181106 170432 5070000,2745.75,2748.0,2746.75,2746.75,18001
5285057,20181106 171311 7340000,2746.75,2750.5,2746.75,2748.5,18001
5293241,20181106 172748 0970000,2746.25,2749.5,2748.5,2748.75,18002
5301180,20181106 174007 0660000,2748.25,2752.0,2748.75,2752.0,18009
5309025,20181106 175001 9680000,2751.0,2753.25,2752.0,2751.5,18001
5316865,20181106 180418 9140000,2749.75,2752.0,2751.5,2751.25,18001
5323906,20181106 181733 0310000,2750.5,2752.25,2751.25,2751.75,18010
5331578,20181106 183053 1950000,2748.5,2752.5,2751.75,2749.5,18001
5339308,20181106 184558 6750000,2748.75,2750.75,2749.5,2750.25,18010
5347031,20181106 190101 4840000,2748.5,2751.5,2750.25,2748.75,18002
5355442,20181106 191522 8240000,2745.75,2749.0,2748.75,2745.75,18002
5364063,20181106 192549 1050000,2742.0,2746.75,2745.75,2742.25,18007
5371799,20181106 192932 9490000,2738.0,2742.75,2742.25,2740.0,18001
5379613,20181106 193343 0620000,2737.75,2742.0,2740.0,2740.75,18002
5387844,20181106 194044 6750000,2740.0,2743.5,2740.75,2741.25,18004
5396610,20181106 195308 3550000,2741.25,2745.25,2741.25,2743.75,18001
5405872,20181106 200421 4490000,2740.75,2745.0,2743.75,2744.0,18007
5414520,20181106 201449 6280000,2743.25,2747.5,2744.0,2745.75,18001
5422913,20181106 202442 0190000,2744.5,2749.5,2745.75,2747.75,18001
5431359,20181106 203452 0350000,2746.0,2748.5,2747.75,2747.25,18003
5439402,20181106 204310 3780000,2746.0,2749.75,2747.25,2746.75,18003
5445543,20181106 204700 6360000,2743.5,2747.25,2746.75,2746.0,18002
5452200,20181106 205151 2810000,2746.0,2749.25,2746.0,2748.75,18101
5458859,20181106 205412 4450000,2748.5,2753.0,2748.75,2753.0,18010
5465535,20181106 205636 2890000,2752.25,2755.5,2753.0,2753.75,18001
5471201,20181106 205908 7890000,2753.0,2755.0,2753.75,2755.0,18002
5475540,20181106 205951 1710000,2754.75,2756.5,2755.0,2755.5,18002
5479032,20181106 210000 0350000,2754.25,2756.0,2755.5,2754.25,18002
5483443,20181106 210050 0850000,2753.5,2756.0,2754.25,2755.25,18003
5489553,20181106 210428 8820000,2755.25,2759.0,2755.5,2758.5,18001
5496316,20181106 211249 5070000,2758.0,2761.0,2758.5,2760.25,18001
5502861,20181106 230221 6790000,2753.25,2760.5,2760.25,2755.0,18002
5513157,20181107 001810 7690000,2750.5,2756.25,2755.0,2756.0,18001
5525676,20181107 004620 4410000,2744.75,2758.5,2755.75,2749.0,18001
5538747,20181107 010650 5310000,2747.5,2762.75,2749.0,2756.5,18001
5551753,20181107 012023 1750000,2755.75,2765.0,2756.5,2763.5,18001
5563761,20181107 012936 3000000,2761.25,2770.25,2763.5,2765.0,18004
5575930,20181107 014613 4140000,2761.25,2770.0,2765.25,2766.0,18001
5588751,20181107 021032 0660000,2765.25,2774.5,2766.0,2773.75,18011
5599959,20181107 023503 8670000,2767.0,2774.25,2773.75,2767.5,18010
5611610,20181107 025536 0070000,2760.25,2769.0,2767.5,2761.5,18001
5623106,20181107 032036 8670000,2757.0,2767.0,2761.5,2761.25,18001
5633465,20181107 034509 8900000,2758.0,2767.0,2761.25,2764.75,18001
5646237,20181107 051148 4370000,2761.5,2771.0,2764.75,2767.25,18001
5659104,20181107 063739 4330000,2759.0,2767.5,2767.25,2764.0,18001
5670462,20181107 075717 0190000,2758.5,2765.5,2764.0,2762.25,18001
5681198,20181107 082006 4490000,2761.0,2773.5,2762.25,2773.0,18001
5690708,20181107 084220 0970000,2772.0,2776.75,2773.0,2775.75,18001
5700246,20181107 090239 1870000,2775.75,2780.5,2775.75,2778.25,18002
5710239,20181107 093749 8160000,2777.75,2783.5,2778.25,2782.25,18001
5719624,20181107 100910 5190000,2780.5,2787.0,2782.25,2785.25,18001
5730105,20181107 110507 5890000,2782.25,2786.75,2785.25,2783.75,18001
5740433,20181107 120104 1480000,2778.75,2784.5,2783.75,2780.25,18001
5750427,20181107 124557 2960000,2777.75,2784.5,2780.25,2777.75,18002
5759055,20181107 131705 7770000,2774.0,2778.5,2777.75,2775.5,18001
5767278,20181107 134700 8860000,2775.25,2780.75,2775.5,2780.0,18009
5775408,20181107 141322 0620000,2775.25,2780.25,2780.0,2775.75,18002
5783567,20181107 142807 5500000,2773.5,2778.25,2775.75,2778.0,18001
5791026,20181107 143101 1210000,2777.0,2779.75,2778.0,2778.25,18002
5799690,20181107 143240 4490000,2778.0,2781.0,2778.25,2779.5,18002
5809047,20181107 143447 8900000,2778.0,2782.5,2779.5,2782.25,18002
5817984,20181107 143716 0890000,2781.5,2783.75,2782.25,2782.5,18001
5825520,20181107 143831 1320000,2782.5,2787.0,2782.5,2785.25,18001
5832760,20181107 144003 4760000,2785.0,2787.75,2785.25,2786.5,18001
5841730,20181107 144230 5820000,2784.75,2787.25,2786.5,2785.5,18001
5849804,20181107 144423 1750000,2781.5,2785.5,2785.5,2783.0,18003
5858285,20181107 144735 8200000,2780.25,2784.0,2783.0,2780.5,18006
5867196,20181107 145122 9720000,2779.5,2782.75,2780.5,2782.5,18011
5876628,20181107 145550 3040000,2777.25,2782.75,2782.5,2777.75,18003
5886095,20181107 150021 5190000,2776.75,2779.75,2777.75,2777.5,18001
5895290,20181107 150421 1830000,2777.0,2781.5,2777.5,2778.25,18002
5904302,20181107 150757 7380000,2774.25,2778.25,2778.25,2775.5,18007
5913704,20181107 151250 4370000,2775.25,2779.25,2775.5,2779.25,18003
5922963,20181107 151723 3860000,2778.75,2782.0,2779.25,2781.5,18003
5932110,20181107 152111 6560000,2776.75,2782.5,2781.5,2777.0,18004
5940943,20181107 152553 8590000,2776.75,2782.5,2777.0,2782.25,18001
5949982,20181107 153049 4920000,2781.5,2785.75,2782.25,2785.0,18002
5958396,20181107 153522 9490000,2783.0,2787.0,2785.0,2786.75,18001
5966626,20181107 153837 4170000,2786.25,2789.75,2786.5,2789.75,18041
5974782,20181107 154250 6990000,2789.25,2792.25,2789.75,2790.0,18001
5983074,20181107 154738 7070000,2789.75,2792.75,2790.0,2790.75,18005
5990989,20181107 155204 5700000,2788.75,2791.25,2790.75,2790.0,18001
5999557,20181107 155640 3820000,2788.25,2792.75,2790.0,2790.0,18001
6007810,20181107 160148 0540000,2787.5,2791.0,2790.0,2788.5,18007
6015451,20181107 160740 5420000,2787.0,2790.25,2788.5,2789.25,18028
6024292,20181107 161408 7380000,2789.25,2793.25,2789.25,2792.0,18037
6033115,20181107 162020 4570000,2789.0,2793.0,2792.0,2789.75,18001
6042268,20181107 162858 6440000,2788.0,2790.25,2789.75,2789.0,18002
6051023,20181107 163632 9250000,2788.0,2791.5,2789.0,2790.25,18001
6057697,20181107 164156 0070000,2790.0,2791.75,2790.5,2791.5,18003
6063711,20181107 164641 0740000,2788.75,2792.0,2791.5,2791.25,18001
6069969,20181107 165221 6210000,2790.25,2792.5,2791.25,2791.5,18001
6077570,20181107 165725 5310000,2791.25,2796.25,2791.5,2796.0,18001
6085195,20181107 170129 2300000,2795.5,2798.0,2796.0,2797.75,18003
6093352,20181107 170824 3750000,2797.0,2798.75,2797.75,2797.25,18001
6102248,20181107 171649 6560000,2796.5,2798.75,2797.25,2797.25,18002
6111012,20181107 172957 8080000,2795.0,2797.5,2797.25,2795.0,18005
6119608,20181107 174242 5580000,2795.0,2797.5,2795.0,2796.0,18001
6128163,20181107 175358 2500000,2794.5,2799.0,2796.0,2798.75,18001
6135295,20181107 180232 9290000,2798.0,2800.0,2798.75,2799.75,18001
6142990,20181107 180935 2420000,2798.5,2801.25,2800.0,2800.25,18001
6152161,20181107 182304 4410000,2797.75,2801.0,2800.25,2799.0,18004
6161024,20181107 183658 2100000,2797.5,2801.0,2799.0,2798.5,18001
6169769,20181107 184851 1050000,2794.75,2799.0,2798.5,2795.0,18001
6178938,20181107 190107 7730000,2793.75,2797.0,2795.0,2796.5,18006
6186733,20181107 190717 1830000,2796.25,2800.0,2796.5,2799.75,18002
6194698,20181107 191234 7140000,2798.75,2803.75,2799.75,2803.0,18003
6203767,20181107 192513 3470000,2801.0,2803.5,2803.0,2802.5,18005
6210933,20181107 193316 5110000,2802.5,2805.0,2802.5,2805.0,18006
6217648,20181107 193814 6440000,2804.25,2807.5,2805.0,2807.25,18002
6225239,20181107 194414 8390000,2804.5,2807.75,2807.25,2805.25,18001
6232831,20181107 194825 7960000,2803.0,2805.75,2805.25,2803.0,18001
6240910,20181107 195454 5420000,2802.0,2805.0,2803.0,2804.0,18001
6249036,20181107 200140 5270000,2803.0,2806.25,2804.0,2806.0,18003
6257162,20181107 201022 0190000,2804.5,2807.25,2806.0,2806.25,18003
6263912,20181107 201505 6670000,2805.25,2809.5,2806.25,2808.5,18006
6271493,20181107 202458 8710000,2807.0,2809.25,2808.5,2808.0,18033
6278217,20181107 202927 4840000,2808.0,2810.75,2808.0,2810.0,18028
6285440,20181107 203433 1830000,2809.0,2812.0,2810.0,2811.75,18001
6292310,20181107 203948 3280000,2809.25,2812.25,2811.75,2810.5,18005
6299617,20181107 204509 5890000,2807.75,2811.0,2810.5,2809.75,18001
6306583,20181107 205024 6990000,2807.5,2810.5,2809.75,2809.25,18001
6313784,20181107 205433 2500000,2809.0,2811.5,2809.25,2810.25,18008
6319629,20181107 205612 6360000,2810.25,2813.25,2810.25,2812.75,18003
6324977,20181107 205740 3350000,2812.5,2814.5,2812.75,2814.0,18001
6330778,20181107 205915 0110000,2813.25,2814.5,2814.0,2814.5,18002
6335295,20181107 205941 9060000,2814.25,2815.0,2814.5,2814.25,18005
6339539,20181107 205957 0110000,2812.75,2814.25,2814.25,2813.5,18056
6342800,20181107 210000 1600000,2812.25,2814.0,2813.5,2813.0,18003
6346549,20181107 210013 9720000,2813.0,2814.5,2813.0,2814.25,18008
6351903,20181107 210154 5310000,2812.5,2814.75,2814.25,2813.0,18002
6357145,20181107 210642 5500000,2812.75,2815.25,2813.0,2815.0,18006
6362662,20181107 211354 2530000,2815.0,2817.5,2815.0,2817.0,18006
6368220,20181107 215900 0000000,2815.75,2817.75,2817.0,2817.0,18001
6378841,20181108 010110 8860000,2813.75,2817.75,2817.0,2815.0,18012
6390686,20181108 023503 5110000,2809.25,2818.0,2815.0,2813.25,18001
6403464,20181108 055817 6480000,2811.5,2816.25,2813.5,2812.0,18001
6413976,20181108 075929 3710000,2810.25,2814.75,2812.0,2814.75,18001
6423129,20181108 083131 2690000,2814.25,2816.5,2814.75,2814.25,18010
6433522,20181108 093841 5890000,2810.75,2814.5,2814.25,2811.0,18003
6443055,20181108 101501 2260000,2803.25,2811.25,2811.0,2804.75,18001
6452604,20181108 105906 5660000,2802.0,2806.25,2804.75,2802.5,18001
6463064,20181108 115948 5850000,2801.5,2806.25,2802.5,2804.75,18003
6473287,20181108 125918 3280000,2804.75,2808.25,2804.75,2807.5,18001
6482554,20181108 133850 6710000,2805.25,2809.0,2807.75,2806.0,18001
6491989,20181108 140759 1950000,2804.25,2807.75,2806.0,2805.25,18053
6499968,20181108 143000 7220000,2803.75,2806.75,2805.25,2805.0,18002
6509318,20181108 143156 7380000,2805.0,2807.75,2805.0,2806.25,18001
6519285,20181108 143444 7920000,2804.0,2808.0,2806.25,2806.25,18003
6528159,20181108 143758 6210000,2804.75,2807.75,2806.25,2805.5,18003
6537224,20181108 144112 1170000,2805.5,2810.5,2805.5,2809.75,18001
6546104,20181108 144553 4250000,2808.25,2811.0,2809.75,2809.0,18003
6554549,20181108 144954 2340000,2808.75,2812.5,2809.0,2811.0,18001
6562789,20181108 145503 6710000,2810.0,2812.75,2811.0,2812.75,18003
6571570,20181108 150002 8750000,2810.5,2813.25,2812.75,2812.0,18004
6580263,20181108 150547 5110000,2811.0,2813.25,2812.0,2812.5,18002
6588146,20181108 151003 7420000,2808.0,2813.0,2812.5,2809.0,18002
6596438,20181108 151431 8200000,2804.75,2809.75,2809.0,2805.25,18002
6604896,20181108 152054 4210000,2804.5,2807.5,2805.25,2807.5,18003
6613903,20181108 152715 3510000,2804.5,2807.5,2807.5,2805.25,18001
6622632,20181108 153307 6400000,2805.0,2808.25,2805.25,2807.25,18001
6631260,20181108 153840 0070000,2806.75,2809.5,2807.25,2807.5,18001
6640173,20181108 154455 2690000,2807.0,2811.0,2807.5,2807.0,18001
6649237,20181108 155202 3200000,2805.75,2810.0,2807.0,2809.5,18004
6657794,20181108 160301 8390000,2808.75,2811.5,2809.5,2811.0,18003
6667018,20181108 161411 4760000,2810.25,2812.75,2811.0,2811.25,18001
6675981,20181108 162513 4140000,2807.25,2811.5,2811.25,2808.5,18001
6684038,20181108 163347 1090000,2808.5,2812.75,2808.5,2812.5,18001
6693024,20181108 164402 1990000,2811.25,2814.5,2812.5,2813.0,18001
6701752,20181108 165937 4570000,2811.75,2814.5,2813.25,2812.25,18004
6710831,20181108 171444 1910000,2811.25,2814.75,2812.25,2814.5,18011
6719186,20181108 173040 4840000,2811.5,2815.25,2814.5,2811.5,18001
6727002,20181108 174836 3200000,2811.25,2814.0,2811.5,2812.25,18001
6734646,20181108 175915 9720000,2809.5,2812.75,2812.25,2809.75,18001
6741887,20181108 181327 3670000,2808.25,2810.75,2809.75,2808.75,18001
6749856,20181108 182803 9330000,2805.75,2809.5,2808.75,2807.0,18001
6758348,20181108 184015 9640000,2804.0,2807.25,2807.0,2806.0,18001
6767340,20181108 185938 5850000,2804.0,2808.25,2806.0,2808.25,18013
6777030,20181108 190426 5580000,2802.25,2811.0,2808.0,2802.5,18001
6786539,20181108 190752 9680000,2801.0,2810.0,2802.5,2809.75,18001
6796144,20181108 191351 7810000,2809.25,2812.25,2809.75,2809.5,18005
6805556,20181108 191930 6050000,2807.25,2811.75,2809.5,2807.5,18002
6815327,20181108 192809 2380000,2804.25,2809.5,2807.5,2805.0,18001
6823976,20181108 193258 0540000,2800.25,2805.75,2805.0,2802.25,18005
6833221,20181108 193845 7690000,2798.75,2803.75,2802.25,2799.0,18001
6841212,20181108 194211 5700000,2795.5,2800.5,2799.0,2796.25,18002
6849498,20181108 194652 0190000,2795.0,2798.25,2796.25,2798.25,18004
6858184,20181108 195051 7810000,2798.0,2802.25,2798.25,2798.75,18001
6868165,20181108 195906 5820000,2798.5,2803.25,2798.75,2800.5,18001
6878020,20181108 200513 8590000,2797.5,2801.75,2800.5,2798.75,18001
6887823,20181108 201222 9680000,2798.25,2802.75,2798.75,2801.0,18005
6896296,20181108 201654 2920000,2800.75,2805.5,2801.0,2803.25,18003
6904683,20181108 202410 1130000,2801.5,2805.0,2803.25,2803.25,18009
6912997,20181108 203000 4140000,2799.75,2804.25,2803.25,2800.0,18001
6921937,20181108 203620 3080000,2798.75,2802.0,2800.0,2800.25,18001
6930562,20181108 204157 8040000,2796.5,2800.75,2800.25,2800.0,18004
6939605,20181108 205019 3980000,2799.75,2804.5,2800.25,2803.25,18001
6947816,20181108 205532 8980000,2802.25,2806.0,2803.25,2804.25,18001
6953913,20181108 205822 5350000,2802.5,2805.25,2804.25,2804.0,18004
6959843,20181108 205934 6560000,2803.75,2806.5,2804.0,2805.75,18002
6964394,20181108 205956 1280000,2805.75,2807.25,2805.75,2807.0,18004
6967910,20181108 210005 0890000,2806.75,2808.0,2807.0,2807.75,18333
6973060,20181108 210130 1870000,2807.5,2810.25,2807.75,2810.0,18004
6979079,20181108 210634 4530000,2808.5,2810.75,2810.0,2808.75,18001
6984676,20181108 213000 0000000,2807.25,2810.0,2808.75,2808.75,18175
6993872,20181109 002200 3590000,2802.5,2809.25,2808.75,2808.0,18017
7007135,20181109 020351 1640000,2803.0,2809.75,2808.0,2803.25,18001
7019772,20181109 041600 0000000,2799.75,2807.0,2803.25,2806.5,18001
7031745,20181109 072210 6640000,2802.5,2811.25,2806.5,2802.5,18011
7041731,20181109 082059 1360000,2795.75,2802.5,2802.5,2797.75,18001
7051050,20181109 090648 5150000,2793.25,2798.0,2797.75,2797.25,18001
7061311,20181109 102425 0700000,2793.5,2799.25,2797.25,2796.25,18001
7070601,20181109 112051 2610000,2791.25,2796.5,2796.0,2793.0,18001
7079706,20181109 120908 5580000,2789.5,2794.75,2793.0,2794.25,18006
7089696,20181109 131030 3750000,2790.75,2796.25,2794.25,2796.0,18001
7098850,20181109 134404 9570000,2791.75,2797.5,2796.0,2792.5,18002
7108057,20181109 141436 0930000,2791.75,2796.25,2792.5,2793.5,18003
7116392,20181109 143020 6050000,2792.0,2795.75,2793.5,2792.75,18002
7125715,20181109 143231 7300000,2791.5,2794.5,2792.75,2793.5,18001
7134286,20181109 143449 4760000,2791.75,2795.25,2793.5,2792.75,18001
7143623,20181109 143758 9100000,2791.25,2793.75,2792.75,2791.5,18002
7151426,20181109 143956 6010000,2788.75,2792.75,2791.5,2789.5,18002
7159270,20181109 144209 0580000,2787.0,2790.0,2789.5,2787.25,18001
7167135,20181109 144431 8630000,2784.75,2787.5,2787.25,2786.75,18087
7175919,20181109 144810 4250000,2786.5,2790.0,2786.75,2790.0,18001
7185473,20181109 145327 6830000,2786.0,2790.0,2790.0,2786.5,18002
7194964,20181109 145800 0460000,2785.0,2787.75,2786.5,2786.5,18065
7203528,20181109 150144 2730000,2784.0,2789.5,2786.5,2788.5,18004
7212897,20181109 150615 9170000,2784.0,2788.5,2788.5,2787.0,18004
7222029,20181109 150955 2530000,2781.5,2787.5,2787.0,2782.0,18001
7230411,20181109 151241 8780000,2780.75,2783.0,2782.0,2781.25,18002
7238581,20181109 151529 9530000,2779.25,2781.25,2781.25,2779.25,18026
7247218,20181109 151912 2070000,2778.25,2781.5,2779.25,2779.75,18001
7255897,20181109 152413 2530000,2779.25,2782.25,2779.75,2781.5,18001
7265022,20181109 152859 4210000,2781.25,2786.0,2781.5,2785.5,18001
7273009,20181109 153347 3080000,2784.0,2786.5,2785.5,2784.75,18063
7282275,20181109 153948 4530000,2784.25,2788.75,2784.75,2788.75,18003
7290995,20181109 154729 5820000,2786.25,2788.75,2788.75,2787.5,18002
7299279,20181109 155256 6870000,2781.75,2787.75,2787.5,2782.25,18002
7307803,20181109 155928 3280000,2780.25,2783.5,2782.25,2781.75,18001
7317516,20181109 160445 2850000,2780.5,2786.0,2781.75,2780.75,18019
7326152,20181109 160807 4760000,2777.25,2781.0,2780.75,2779.25,18001
7335554,20181109 161425 2530000,2778.25,2782.75,2779.25,2780.0,18001
7343932,20181109 161902 1050000,2779.75,2783.5,2780.0,2780.5,18005
7352576,20181109 162447 8710000,2780.0,2784.25,2780.5,2783.25,18001
7360519,20181109 163012 8820000,2781.5,2785.0,2783.25,2783.25,18001
7368761,20181109 163522 7180000,2781.5,2785.75,2783.25,2783.25,18003
7376408,20181109 163956 3750000,2781.0,2786.0,2783.25,2785.75,18001
7384852,20181109 164549 1750000,2779.75,2785.75,2785.75,2782.5,18001
7393560,20181109 165146 1950000,2776.25,2783.0,2782.5,2777.0,18002
7401340,20181109 165831 4530000,2775.75,2778.0,2777.0,2775.75,18033
7408639,20181109 170040 0110000,2772.5,2776.25,2775.75,2774.75,18001
7416829,20181109 170724 4680000,2774.75,2777.0,2774.75,2775.75,18001
7425905,20181109 171406 5740000,2773.25,2778.75,2775.75,2774.25,18001
7435333,20181109 172108 8820000,2771.25,2774.75,2774.25,2771.5,18001
7443900,20181109 172724 0660000,2771.0,2777.25,2771.5,2776.75,18005
7452964,20181109 173530 0270000,2773.25,2777.75,2776.75,2777.5,18001
7462140,20181109 174647 6910000,2777.0,2779.75,2777.5,2778.75,18002
7471077,20181109 175733 6170000,2776.5,2780.5,2778.75,2777.25,18003
7479959,20181109 180901 2770000,2773.5,2777.25,2777.25,2776.0,18001
7488323,20181109 182010 0460000,2772.5,2777.5,2776.0,2772.5,18001
7496727,20181109 183057 3940000,2771.75,2774.5,2772.5,2772.0,18004
7504859,20181109 184025 5150000,2770.25,2772.75,2772.0,2770.25,18006
7513174,20181109 184832 2570000,2768.0,2773.5,2770.25,2768.25,18001
7521186,20181109 190111 0970000,2768.0,2772.5,2768.0,2770.5,18002
7529594,20181109 191040 6560000,2768.5,2774.0,2770.5,2769.25,18001
7537156,20181109 191718 3430000,2766.5,2769.25,2769.0,2768.0,18007
7544202,20181109 192238 8750000,2764.5,2768.75,2768.0,2766.25,18001
7551351,20181109 193035 1950000,2765.5,2768.25,2766.25,2767.0,18001
7558806,20181109 193608 6010000,2767.0,2772.25,2767.0,2772.0,18003
7566704,20181109 194051 0890000,2771.75,2776.25,2772.0,2776.0,18002
7574326,20181109 194659 2960000,2774.25,2777.25,2776.0,2777.0,18001
7582030,20181109 195229 3980000,2773.0,2777.25,2777.0,2777.25,18005
7589759,20181109 195511 4640000,2775.25,2780.5,2777.25,2779.25,18006
7597348,20181109 195818 1320000,2779.0,2782.75,2779.25,2780.75,18002
7606606,20181109 200455 4450000,2777.0,2781.0,2780.75,2778.25,18004
7615633,20181109 201126 3630000,2776.75,2781.0,2778.25,2778.0,18006
7624094,20181109 201530 5580000,2777.5,2785.0,2778.0,2783.5,18003
7632711,20181109 202223 5970000,2780.0,2783.75,2783.5,2781.25,18001
7639782,20181109 202424 8390000,2781.25,2788.0,2781.25,2787.5,18046
7647625,20181109 202847 2770000,2784.75,2788.5,2787.5,2786.25,18001
7655534,20181109 203350 6320000,2784.25,2788.0,2786.25,2785.0,18002
7663536,20181109 203825 9020000,2783.5,2787.25,2785.0,2785.0,18001
7671365,20181109 204328 2070000,2784.75,2788.0,2785.0,2787.75,18001
7677707,20181109 204512 6360000,2787.0,2791.25,2787.75,2788.5,18001
7685080,20181109 204756 7220000,2784.75,2790.5,2788.75,2784.75,18001
7693590,20181109 205203 7610000,2782.5,2785.75,2784.75,2783.75,18052
7701892,20181109 205536 2570000,2782.75,2787.25,2783.75,2784.0,18001
7709486,20181109 205813 2530000,2783.75,2787.0,2783.75,2784.5,18002
7715288,20181109 205905 6090000,2783.0,2785.0,2784.5,2783.5,18024
7720239,20181109 205934 2810000,2781.75,2784.0,2783.5,2782.25,18001
7724987,20181109 205954 9330000,2781.0,2782.75,2782.25,2781.25,18001
7728448,20181109 210000 0700000,2780.75,2781.75,2781.25,2781.0,18003
7732641,20181109 210024 4720000,2779.75,2782.5,2781.0,2780.75,18011
7738546,20181109 210256 5500000,2778.5,2781.0,2780.75,2778.5,18003
7744753,20181109 210808 0500000,2778.0,2779.75,2778.5,2778.25,18002
7750103,20181109 213000 0030000,2776.5,2779.5,2778.25,2778.5,18069
